scenario,controller,alpha,validation_resource_fraction,reference_budget,selection_source
high_volume,seasonal_mf_mpc,0.001,0.9866459627329192,0.5220372670807454,validation_alpha_search
high_volume,seasonal_mf_mpc,0.004216965034285823,0.9859751552795031,0.5220372670807454,validation_alpha_search
high_volume,seasonal_mf_mpc,0.01,0.9856770186335403,0.5220372670807454,validation_alpha_search
high_volume,seasonal_mf_mpc,0.01778279410038923,0.7770186335403727,0.5220372670807454,validation_alpha_search
high_volume,seasonal_mf_mpc,0.03,0.7146956521739131,0.5220372670807454,validation_alpha_search
high_volume,seasonal_mf_mpc,0.07498942093324558,0.6876273291925465,0.5220372670807454,validation_alpha_search
high_volume,seasonal_mf_mpc,0.1,0.6774285714285715,0.5220372670807454,validation_alpha_search
high_volume,seasonal_mf_mpc,0.3,0.6554534161490683,0.5220372670807454,validation_alpha_search
high_volume,seasonal_mf_mpc,0.31622776601683794,0.6549316770186335,0.5220372670807454,validation_alpha_search
high_volume,seasonal_mf_mpc,1.0,0.6350310559006211,0.5220372670807454,validation_alpha_search
high_volume,seasonal_mf_mpc,1.333521432163324,0.631416149068323,0.5220372670807454,validation_alpha_search
high_volume,seasonal_mf_mpc,3.0,0.6221987577639752,0.5220372670807454,validation_alpha_search
high_volume,seasonal_mf_mpc,5.623413251903491,0.615639751552795,0.5220372670807454,validation_alpha_search
high_volume,seasonal_mf_mpc,23.71373705661655,0.6055403726708074,0.5220372670807454,validation_alpha_search
high_volume,seasonal_mf_mpc,100.0,0.6036024844720497,0.5220372670807454,validation_alpha_search
high_volume,ewma_mf_mpc,0.001,0.9977639751552795,0.5220372670807454,validation_alpha_search
high_volume,ewma_mf_mpc,0.004216965034285823,0.9977639751552795,0.5220372670807454,validation_alpha_search
high_volume,ewma_mf_mpc,0.01,0.9977639751552795,0.5220372670807454,validation_alpha_search
high_volume,ewma_mf_mpc,0.01778279410038923,0.8568198757763974,0.5220372670807454,validation_alpha_search
high_volume,ewma_mf_mpc,0.03,0.7742608695652174,0.5220372670807454,validation_alpha_search
high_volume,ewma_mf_mpc,0.07498942093324558,0.7273291925465838,0.5220372670807454,validation_alpha_search
high_volume,ewma_mf_mpc,0.1,0.7148447204968944,0.5220372670807454,validation_alpha_search
high_volume,ewma_mf_mpc,0.3,0.6717018633540373,0.5220372670807454,validation_alpha_search
high_volume,ewma_mf_mpc,0.31622776601683794,0.6698757763975155,0.5220372670807454,validation_alpha_search
high_volume,ewma_mf_mpc,1.0,0.6202236024844721,0.5220372670807454,validation_alpha_search
high_volume,ewma_mf_mpc,1.333521432163324,0.6091925465838509,0.5220372670807454,validation_alpha_search
high_volume,ewma_mf_mpc,3.0,0.5807950310559007,0.5220372670807454,validation_alpha_search
high_volume,ewma_mf_mpc,5.623413251903491,0.5625217391304348,0.5220372670807454,validation_alpha_search
high_volume,ewma_mf_mpc,23.71373705661655,0.5346708074534161,0.5220372670807454,validation_alpha_search
high_volume,ewma_mf_mpc,100.0,0.5231428571428571,0.5220372670807454,validation_alpha_search
high_volume,gp_mean_mf_mpc,0.001,0.9934534161490682,0.5220372670807454,validation_alpha_search
high_volume,gp_mean_mf_mpc,0.004216965034285823,0.9930434782608696,0.5220372670807454,validation_alpha_search
high_volume,gp_mean_mf_mpc,0.01,0.9925217391304347,0.5220372670807454,validation_alpha_search
high_volume,gp_mean_mf_mpc,0.01778279410038923,0.8774906832298137,0.5220372670807454,validation_alpha_search
high_volume,gp_mean_mf_mpc,0.03,0.6473291925465838,0.5220372670807454,validation_alpha_search
high_volume,gp_mean_mf_mpc,0.07498942093324558,0.5240621118012423,0.5220372670807454,validation_alpha_search
high_volume,gp_mean_mf_mpc,0.1,0.49219875776397515,0.5220372670807454,validation_alpha_search
high_volume,gp_mean_mf_mpc,0.3,0.37632298136645964,0.5220372670807454,validation_alpha_search
high_volume,gp_mean_mf_mpc,0.31622776601683794,0.371639751552795,0.5220372670807454,validation_alpha_search
high_volume,gp_mean_mf_mpc,1.0,0.2743726708074534,0.5220372670807454,validation_alpha_search
high_volume,gp_mean_mf_mpc,1.333521432163324,0.25459627329192547,0.5220372670807454,validation_alpha_search
high_volume,gp_mean_mf_mpc,3.0,0.20939130434782607,0.5220372670807454,validation_alpha_search
high_volume,gp_mean_mf_mpc,5.623413251903491,0.1835776397515528,0.5220372670807454,validation_alpha_search
high_volume,gp_mean_mf_mpc,23.71373705661655,0.14982608695652172,0.5220372670807454,validation_alpha_search
high_volume,gp_mean_mf_mpc,100.0,0.13735403726708076,0.5220372670807454,validation_alpha_search
high_volume,gp_mean_mf_mpc,0.08659643233600653,0.5071925465838509,0.5220372670807454,validation_alpha_refinement
high_volume,gp_mean_mf_mpc,0.08058421877614817,0.5164347826086957,0.5220372670807454,validation_alpha_refinement
high_volume,gp_ucb_mf_mpc,0.001,0.9977639751552795,0.5220372670807454,validation_alpha_search
high_volume,gp_ucb_mf_mpc,0.004216965034285823,0.9977639751552795,0.5220372670807454,validation_alpha_search
high_volume,gp_ucb_mf_mpc,0.01,0.9977639751552795,0.5220372670807454,validation_alpha_search
high_volume,gp_ucb_mf_mpc,0.01778279410038923,0.9977639751552795,0.5220372670807454,validation_alpha_search
high_volume,gp_ucb_mf_mpc,0.03,0.992968944099379,0.5220372670807454,validation_alpha_search
high_volume,gp_ucb_mf_mpc,0.07498942093324558,0.982335403726708,0.5220372670807454,validation_alpha_search
high_volume,gp_ucb_mf_mpc,0.1,0.9792298136645963,0.5220372670807454,validation_alpha_search
high_volume,gp_ucb_mf_mpc,0.3,0.9657639751552795,0.5220372670807454,validation_alpha_search
high_volume,gp_ucb_mf_mpc,0.31622776601683794,0.9650931677018633,0.5220372670807454,validation_alpha_search
high_volume,gp_ucb_mf_mpc,1.0,0.9453540372670807,0.5220372670807454,validation_alpha_search
high_volume,gp_ucb_mf_mpc,1.333521432163324,0.9391801242236025,0.5220372670807454,validation_alpha_search
high_volume,gp_ucb_mf_mpc,3.0,0.9230434782608695,0.5220372670807454,validation_alpha_search
high_volume,gp_ucb_mf_mpc,5.623413251903491,0.9127329192546584,0.5220372670807454,validation_alpha_search
high_volume,gp_ucb_mf_mpc,23.71373705661655,0.8987453416149068,0.5220372670807454,validation_alpha_search
high_volume,gp_ucb_mf_mpc,100.0,0.8936397515527951,0.5220372670807454,validation_alpha_search
high_volume,oracle_mf_mpc,0.001,0.9968447204968944,0.5220372670807454,validation_alpha_search
high_volume,oracle_mf_mpc,0.004216965034285823,0.9968447204968944,0.5220372670807454,validation_alpha_search
high_volume,oracle_mf_mpc,0.01,0.9968447204968944,0.5220372670807454,validation_alpha_search
high_volume,oracle_mf_mpc,0.01778279410038923,0.7296645962732918,0.5220372670807454,validation_alpha_search
high_volume,oracle_mf_mpc,0.03,0.650248447204969,0.5220372670807454,validation_alpha_search
high_volume,oracle_mf_mpc,0.07498942093324558,0.6160248447204969,0.5220372670807454,validation_alpha_search
high_volume,oracle_mf_mpc,0.1,0.6049068322981366,0.5220372670807454,validation_alpha_search
high_volume,oracle_mf_mpc,0.3,0.5847577639751553,0.5220372670807454,validation_alpha_search
high_volume,oracle_mf_mpc,0.31622776601683794,0.5842608695652174,0.5220372670807454,validation_alpha_search
high_volume,oracle_mf_mpc,1.0,0.5643105590062112,0.5220372670807454,validation_alpha_search
high_volume,oracle_mf_mpc,1.333521432163324,0.5614534161490683,0.5220372670807454,validation_alpha_search
high_volume,oracle_mf_mpc,3.0,0.5537515527950311,0.5220372670807454,validation_alpha_search
high_volume,oracle_mf_mpc,5.623413251903491,0.5479627329192547,0.5220372670807454,validation_alpha_search
high_volume,oracle_mf_mpc,23.71373705661655,0.538608695652174,0.5220372670807454,validation_alpha_search
high_volume,oracle_mf_mpc,100.0,0.5368198757763976,0.5220372670807454,validation_alpha_search
bursty,seasonal_mf_mpc,0.001,0.9018012422360249,0.09273291925465837,validation_alpha_search
bursty,seasonal_mf_mpc,0.004216965034285823,0.8992919254658385,0.09273291925465837,validation_alpha_search
bursty,seasonal_mf_mpc,0.01,0.8992919254658385,0.09273291925465837,validation_alpha_search
bursty,seasonal_mf_mpc,0.01778279410038923,0.3726086956521739,0.09273291925465837,validation_alpha_search
bursty,seasonal_mf_mpc,0.03,0.21185093167701866,0.09273291925465837,validation_alpha_search
bursty,seasonal_mf_mpc,0.07498942093324558,0.1596273291925466,0.09273291925465837,validation_alpha_search
bursty,seasonal_mf_mpc,0.1,0.14303105590062112,0.09273291925465837,validation_alpha_search
bursty,seasonal_mf_mpc,0.3,0.124,0.09273291925465837,validation_alpha_search
bursty,seasonal_mf_mpc,0.31622776601683794,0.124,0.09273291925465837,validation_alpha_search
bursty,seasonal_mf_mpc,1.0,0.10496894409937887,0.09273291925465837,validation_alpha_search
bursty,seasonal_mf_mpc,1.333521432163324,0.10496894409937887,0.09273291925465837,validation_alpha_search
bursty,seasonal_mf_mpc,3.0,0.10496894409937887,0.09273291925465837,validation_alpha_search
bursty,seasonal_mf_mpc,5.623413251903491,0.10496894409937887,0.09273291925465837,validation_alpha_search
bursty,seasonal_mf_mpc,23.71373705661655,0.10496894409937887,0.09273291925465837,validation_alpha_search
bursty,seasonal_mf_mpc,100.0,0.10496894409937887,0.09273291925465837,validation_alpha_search
bursty,ewma_mf_mpc,0.001,0.9771428571428571,0.09273291925465837,validation_alpha_search
bursty,ewma_mf_mpc,0.004216965034285823,0.9765465838509317,0.09273291925465837,validation_alpha_search
bursty,ewma_mf_mpc,0.01,0.9765465838509317,0.09273291925465837,validation_alpha_search
bursty,ewma_mf_mpc,0.01778279410038923,0.5256149068322982,0.09273291925465837,validation_alpha_search
bursty,ewma_mf_mpc,0.03,0.355639751552795,0.09273291925465837,validation_alpha_search
bursty,ewma_mf_mpc,0.07498942093324558,0.29360248447204973,0.09273291925465837,validation_alpha_search
bursty,ewma_mf_mpc,0.1,0.275888198757764,0.09273291925465837,validation_alpha_search
bursty,ewma_mf_mpc,0.3,0.24490683229813665,0.09273291925465837,validation_alpha_search
bursty,ewma_mf_mpc,0.31622776601683794,0.24401242236024845,0.09273291925465837,validation_alpha_search
bursty,ewma_mf_mpc,1.0,0.21464596273291925,0.09273291925465837,validation_alpha_search
bursty,ewma_mf_mpc,1.333521432163324,0.21156521739130438,0.09273291925465837,validation_alpha_search
bursty,ewma_mf_mpc,3.0,0.20388819875776398,0.09273291925465837,validation_alpha_search
bursty,ewma_mf_mpc,5.623413251903491,0.19963975155279504,0.09273291925465837,validation_alpha_search
bursty,ewma_mf_mpc,23.71373705661655,0.19526708074534163,0.09273291925465837,validation_alpha_search
bursty,ewma_mf_mpc,100.0,0.1936024844720497,0.09273291925465837,validation_alpha_search
bursty,gp_mean_mf_mpc,0.001,0.9821366459627329,0.09273291925465837,validation_alpha_search
bursty,gp_mean_mf_mpc,0.004216965034285823,0.9802484472049691,0.09273291925465837,validation_alpha_search
bursty,gp_mean_mf_mpc,0.01,0.9789068322981366,0.09273291925465837,validation_alpha_search
bursty,gp_mean_mf_mpc,0.01778279410038923,0.6070683229813665,0.09273291925465837,validation_alpha_search
bursty,gp_mean_mf_mpc,0.03,0.45231055900621114,0.09273291925465837,validation_alpha_search
bursty,gp_mean_mf_mpc,0.07498942093324558,0.37062111801242237,0.09273291925465837,validation_alpha_search
bursty,gp_mean_mf_mpc,0.1,0.3492173913043478,0.09273291925465837,validation_alpha_search
bursty,gp_mean_mf_mpc,0.3,0.2844223602484472,0.09273291925465837,validation_alpha_search
bursty,gp_mean_mf_mpc,0.31622776601683794,0.28252173913043477,0.09273291925465837,validation_alpha_search
bursty,gp_mean_mf_mpc,1.0,0.23885714285714285,0.09273291925465837,validation_alpha_search
bursty,gp_mean_mf_mpc,1.333521432163324,0.23257142857142857,0.09273291925465837,validation_alpha_search
bursty,gp_mean_mf_mpc,3.0,0.219527950310559,0.09273291925465837,validation_alpha_search
bursty,gp_mean_mf_mpc,5.623413251903491,0.2122608695652174,0.09273291925465837,validation_alpha_search
bursty,gp_mean_mf_mpc,23.71373705661655,0.20346583850931677,0.09273291925465837,validation_alpha_search
bursty,gp_mean_mf_mpc,100.0,0.20012422360248447,0.09273291925465837,validation_alpha_search
bursty,gp_ucb_mf_mpc,0.001,0.9896273291925466,0.09273291925465837,validation_alpha_search
bursty,gp_ucb_mf_mpc,0.004216965034285823,0.9892546583850931,0.09273291925465837,validation_alpha_search
bursty,gp_ucb_mf_mpc,0.01,0.9884347826086956,0.09273291925465837,validation_alpha_search
bursty,gp_ucb_mf_mpc,0.01778279410038923,0.8797267080745341,0.09273291925465837,validation_alpha_search
bursty,gp_ucb_mf_mpc,0.03,0.663527950310559,0.09273291925465837,validation_alpha_search
bursty,gp_ucb_mf_mpc,0.07498942093324558,0.5330559006211181,0.09273291925465837,validation_alpha_search
bursty,gp_ucb_mf_mpc,0.1,0.5061863354037267,0.09273291925465837,validation_alpha_search
bursty,gp_ucb_mf_mpc,0.3,0.40385093167701863,0.09273291925465837,validation_alpha_search
bursty,gp_ucb_mf_mpc,0.31622776601683794,0.4011055900621118,0.09273291925465837,validation_alpha_search
bursty,gp_ucb_mf_mpc,1.0,0.3219006211180124,0.09273291925465837,validation_alpha_search
bursty,gp_ucb_mf_mpc,1.333521432163324,0.3042608695652174,0.09273291925465837,validation_alpha_search
bursty,gp_ucb_mf_mpc,3.0,0.2741366459627329,0.09273291925465837,validation_alpha_search
bursty,gp_ucb_mf_mpc,5.623413251903491,0.25388819875776397,0.09273291925465837,validation_alpha_search
bursty,gp_ucb_mf_mpc,23.71373705661655,0.2283478260869565,0.09273291925465837,validation_alpha_search
bursty,gp_ucb_mf_mpc,100.0,0.21833540372670807,0.09273291925465837,validation_alpha_search
bursty,oracle_mf_mpc,0.001,0.9634782608695651,0.09273291925465837,validation_alpha_search
bursty,oracle_mf_mpc,0.004216965034285823,0.9621863354037267,0.09273291925465837,validation_alpha_search
bursty,oracle_mf_mpc,0.01,0.9621863354037267,0.09273291925465837,validation_alpha_search
bursty,oracle_mf_mpc,0.01778279410038923,0.39554037267080744,0.09273291925465837,validation_alpha_search
bursty,oracle_mf_mpc,0.03,0.22109316770186335,0.09273291925465837,validation_alpha_search
bursty,oracle_mf_mpc,0.07498942093324558,0.16568944099378882,0.09273291925465837,validation_alpha_search
bursty,oracle_mf_mpc,0.1,0.14737888198757765,0.09273291925465837,validation_alpha_search
bursty,oracle_mf_mpc,0.3,0.12859627329192547,0.09273291925465837,validation_alpha_search
bursty,oracle_mf_mpc,0.31622776601683794,0.12859627329192547,0.09273291925465837,validation_alpha_search
bursty,oracle_mf_mpc,1.0,0.1098136645962733,0.09273291925465837,validation_alpha_search
bursty,oracle_mf_mpc,1.333521432163324,0.1098136645962733,0.09273291925465837,validation_alpha_search
bursty,oracle_mf_mpc,3.0,0.1098136645962733,0.09273291925465837,validation_alpha_search
bursty,oracle_mf_mpc,5.623413251903491,0.1098136645962733,0.09273291925465837,validation_alpha_search
bursty,oracle_mf_mpc,23.71373705661655,0.1098136645962733,0.09273291925465837,validation_alpha_search
bursty,oracle_mf_mpc,100.0,0.1098136645962733,0.09273291925465837,validation_alpha_search
diurnal,seasonal_mf_mpc,0.001,0.9977639751552795,0.9306832298136647,validation_alpha_search
diurnal,seasonal_mf_mpc,0.004216965034285823,0.9977639751552795,0.9306832298136647,validation_alpha_search
diurnal,seasonal_mf_mpc,0.01,0.9977639751552795,0.9306832298136647,validation_alpha_search
diurnal,seasonal_mf_mpc,0.01778279410038923,0.9977639751552795,0.9306832298136647,validation_alpha_search
diurnal,seasonal_mf_mpc,0.03,0.9977639751552795,0.9306832298136647,validation_alpha_search
diurnal,seasonal_mf_mpc,0.07498942093324558,0.9977639751552795,0.9306832298136647,validation_alpha_search
diurnal,seasonal_mf_mpc,0.1,0.9977639751552795,0.9306832298136647,validation_alpha_search
diurnal,seasonal_mf_mpc,0.3,0.9977639751552795,0.9306832298136647,validation_alpha_search
diurnal,seasonal_mf_mpc,0.31622776601683794,0.9977639751552795,0.9306832298136647,validation_alpha_search
diurnal,seasonal_mf_mpc,1.0,0.9313788819875777,0.9306832298136647,validation_alpha_search
diurnal,seasonal_mf_mpc,1.333521432163324,0.9214037267080745,0.9306832298136647,validation_alpha_search
diurnal,seasonal_mf_mpc,3.0,0.8217763975155279,0.9306832298136647,validation_alpha_search
diurnal,seasonal_mf_mpc,5.623413251903491,0.7819254658385093,0.9306832298136647,validation_alpha_search
diurnal,seasonal_mf_mpc,23.71373705661655,0.7221490683229814,0.9306832298136647,validation_alpha_search
diurnal,seasonal_mf_mpc,100.0,0.7221490683229814,0.9306832298136647,validation_alpha_search
diurnal,seasonal_mf_mpc,1.1547819846894583,0.9313416149068323,0.9306832298136647,validation_alpha_refinement
diurnal,ewma_mf_mpc,0.001,0.9977639751552795,0.9306832298136647,validation_alpha_search
diurnal,ewma_mf_mpc,0.004216965034285823,0.9977639751552795,0.9306832298136647,validation_alpha_search
diurnal,ewma_mf_mpc,0.01,0.9977639751552795,0.9306832298136647,validation_alpha_search
diurnal,ewma_mf_mpc,0.01778279410038923,0.9977639751552795,0.9306832298136647,validation_alpha_search
diurnal,ewma_mf_mpc,0.03,0.9977639751552795,0.9306832298136647,validation_alpha_search
diurnal,ewma_mf_mpc,0.07498942093324558,0.9977639751552795,0.9306832298136647,validation_alpha_search
diurnal,ewma_mf_mpc,0.1,0.9977639751552795,0.9306832298136647,validation_alpha_search
diurnal,ewma_mf_mpc,0.3,0.9977639751552795,0.9306832298136647,validation_alpha_search
diurnal,ewma_mf_mpc,0.31622776601683794,0.9977639751552795,0.9306832298136647,validation_alpha_search
diurnal,ewma_mf_mpc,1.0,0.9977639751552795,0.9306832298136647,validation_alpha_search
diurnal,ewma_mf_mpc,1.333521432163324,0.9778509316770186,0.9306832298136647,validation_alpha_search
diurnal,ewma_mf_mpc,3.0,0.8550931677018633,0.9306832298136647,validation_alpha_search
diurnal,ewma_mf_mpc,5.623413251903491,0.7820248447204969,0.9306832298136647,validation_alpha_search
diurnal,ewma_mf_mpc,23.71373705661655,0.6956894409937888,0.9306832298136647,validation_alpha_search
diurnal,ewma_mf_mpc,100.0,0.6624720496894411,0.9306832298136647,validation_alpha_search
diurnal,ewma_mf_mpc,2.000141069147367,0.9148447204968945,0.9306832298136647,validation_alpha_refinement
diurnal,gp_mean_mf_mpc,0.001,0.9977639751552795,0.9306832298136647,validation_alpha_search
diurnal,gp_mean_mf_mpc,0.004216965034285823,0.9977639751552795,0.9306832298136647,validation_alpha_search
diurnal,gp_mean_mf_mpc,0.01,0.9977639751552795,0.9306832298136647,validation_alpha_search
diurnal,gp_mean_mf_mpc,0.01778279410038923,0.9977639751552795,0.9306832298136647,validation_alpha_search
diurnal,gp_mean_mf_mpc,0.03,0.9977639751552795,0.9306832298136647,validation_alpha_search
diurnal,gp_mean_mf_mpc,0.07498942093324558,0.9977639751552795,0.9306832298136647,validation_alpha_search
diurnal,gp_mean_mf_mpc,0.1,0.9977639751552795,0.9306832298136647,validation_alpha_search
diurnal,gp_mean_mf_mpc,0.3,0.9977639751552795,0.9306832298136647,validation_alpha_search
diurnal,gp_mean_mf_mpc,0.31622776601683794,0.9977639751552795,0.9306832298136647,validation_alpha_search
diurnal,gp_mean_mf_mpc,1.0,0.9313788819875777,0.9306832298136647,validation_alpha_search
diurnal,gp_mean_mf_mpc,1.333521432163324,0.9214037267080745,0.9306832298136647,validation_alpha_search
diurnal,gp_mean_mf_mpc,3.0,0.8217763975155279,0.9306832298136647,validation_alpha_search
diurnal,gp_mean_mf_mpc,5.623413251903491,0.7819254658385093,0.9306832298136647,validation_alpha_search
diurnal,gp_mean_mf_mpc,23.71373705661655,0.7221490683229814,0.9306832298136647,validation_alpha_search
diurnal,gp_mean_mf_mpc,100.0,0.7221490683229814,0.9306832298136647,validation_alpha_search
diurnal,gp_mean_mf_mpc,1.1547819846894583,0.9313416149068323,0.9306832298136647,validation_alpha_refinement
diurnal,gp_ucb_mf_mpc,0.001,0.9977639751552795,0.9306832298136647,validation_alpha_search
diurnal,gp_ucb_mf_mpc,0.004216965034285823,0.9977639751552795,0.9306832298136647,validation_alpha_search
diurnal,gp_ucb_mf_mpc,0.01,0.9977639751552795,0.9306832298136647,validation_alpha_search
diurnal,gp_ucb_mf_mpc,0.01778279410038923,0.9977639751552795,0.9306832298136647,validation_alpha_search
diurnal,gp_ucb_mf_mpc,0.03,0.9977639751552795,0.9306832298136647,validation_alpha_search
diurnal,gp_ucb_mf_mpc,0.07498942093324558,0.9977639751552795,0.9306832298136647,validation_alpha_search
diurnal,gp_ucb_mf_mpc,0.1,0.9977639751552795,0.9306832298136647,validation_alpha_search
diurnal,gp_ucb_mf_mpc,0.3,0.9977639751552795,0.9306832298136647,validation_alpha_search
diurnal,gp_ucb_mf_mpc,0.31622776601683794,0.9977639751552795,0.9306832298136647,validation_alpha_search
diurnal,gp_ucb_mf_mpc,1.0,0.9313788819875777,0.9306832298136647,validation_alpha_search
diurnal,gp_ucb_mf_mpc,1.333521432163324,0.9214037267080745,0.9306832298136647,validation_alpha_search
diurnal,gp_ucb_mf_mpc,3.0,0.8217763975155279,0.9306832298136647,validation_alpha_search
diurnal,gp_ucb_mf_mpc,5.623413251903491,0.7819254658385093,0.9306832298136647,validation_alpha_search
diurnal,gp_ucb_mf_mpc,23.71373705661655,0.7238385093167702,0.9306832298136647,validation_alpha_search
diurnal,gp_ucb_mf_mpc,100.0,0.7221490683229814,0.9306832298136647,validation_alpha_search
diurnal,gp_ucb_mf_mpc,1.1547819846894583,0.9313416149068323,0.9306832298136647,validation_alpha_refinement
diurnal,oracle_mf_mpc,0.001,0.9977639751552795,0.9306832298136647,validation_alpha_search
diurnal,oracle_mf_mpc,0.004216965034285823,0.9977639751552795,0.9306832298136647,validation_alpha_search
diurnal,oracle_mf_mpc,0.01,0.9977639751552795,0.9306832298136647,validation_alpha_search
diurnal,oracle_mf_mpc,0.01778279410038923,0.9977639751552795,0.9306832298136647,validation_alpha_search
diurnal,oracle_mf_mpc,0.03,0.9977639751552795,0.9306832298136647,validation_alpha_search
diurnal,oracle_mf_mpc,0.07498942093324558,0.9977639751552795,0.9306832298136647,validation_alpha_search
diurnal,oracle_mf_mpc,0.1,0.9977639751552795,0.9306832298136647,validation_alpha_search
diurnal,oracle_mf_mpc,0.3,0.9977639751552795,0.9306832298136647,validation_alpha_search
diurnal,oracle_mf_mpc,0.31622776601683794,0.9977639751552795,0.9306832298136647,validation_alpha_search
diurnal,oracle_mf_mpc,1.0,0.9313788819875777,0.9306832298136647,validation_alpha_search
diurnal,oracle_mf_mpc,1.333521432163324,0.9214037267080745,0.9306832298136647,validation_alpha_search
diurnal,oracle_mf_mpc,3.0,0.8217763975155279,0.9306832298136647,validation_alpha_search
diurnal,oracle_mf_mpc,5.623413251903491,0.7819254658385093,0.9306832298136647,validation_alpha_search
diurnal,oracle_mf_mpc,23.71373705661655,0.7221490683229814,0.9306832298136647,validation_alpha_search
diurnal,oracle_mf_mpc,100.0,0.7221490683229814,0.9306832298136647,validation_alpha_search
diurnal,oracle_mf_mpc,1.1547819846894583,0.9313416149068323,0.9306832298136647,validation_alpha_refinement
