experiment,scenario,controller,n,delay_bins,service_model,metric,mean,median,ci95_low,ci95_high,seeds,total_seeds
delay_sensitivity,bursty,gp_mean_mf_mpc,100,0,empirical,mean_wait,14407.299602625684,14499.378811756744,13168.885565173809,15698.790414750963,10,10
delay_sensitivity,bursty,gp_mean_mf_mpc,100,0,empirical,p95_wait,57656.62036364946,56954.09030464965,51885.591028535186,64225.85808657807,10,10
delay_sensitivity,bursty,gp_mean_mf_mpc,100,0,empirical,p99_wait,73304.13436464523,70381.5192218021,65733.75072156823,82542.3666560398,10,10
delay_sensitivity,bursty,gp_mean_mf_mpc,100,0,empirical,mean_response,14454.504476510663,14545.056701424928,13215.071075355077,15747.179751596512,10,10
delay_sensitivity,bursty,gp_mean_mf_mpc,100,0,empirical,p95_response,57708.493717923135,57024.597668229224,51927.2884232236,64271.17371132612,10,10
delay_sensitivity,bursty,gp_mean_mf_mpc,100,0,empirical,mean_resource_fraction,0.12722222222222218,0.1272222222222222,0.12722222222222218,0.12722222222222218,10,10
delay_sensitivity,bursty,gp_mean_mf_mpc,100,0,empirical,slo_violation_fraction,0.4875913892867825,0.4857159471459269,0.4788005623886961,0.49630005621447004,10,10
delay_sensitivity,bursty,gp_mean_mf_mpc,100,0,empirical,overload_fraction,0.017361111111111112,0.017361111111111112,0.017361111111111112,0.017361111111111112,10,10
delay_sensitivity,bursty,gp_mean_mf_mpc,100,1,empirical,mean_wait,11946.273011096255,11554.875689261615,10704.949838287801,13374.017850625718,10,10
delay_sensitivity,bursty,gp_mean_mf_mpc,100,1,empirical,p95_wait,50882.05341795914,50053.26519370092,47212.96195936528,55162.629056124635,10,10
delay_sensitivity,bursty,gp_mean_mf_mpc,100,1,empirical,p99_wait,63266.75771059792,61972.386115144895,59010.88969630138,67748.22021593267,10,10
delay_sensitivity,bursty,gp_mean_mf_mpc,100,1,empirical,mean_response,11993.477884981237,11602.056226229615,10752.089968931796,13421.472094193892,10,10
delay_sensitivity,bursty,gp_mean_mf_mpc,100,1,empirical,p95_response,50934.645460274725,50111.25217553425,47275.322444971185,55209.489006802934,10,10
delay_sensitivity,bursty,gp_mean_mf_mpc,100,1,empirical,mean_resource_fraction,0.1171875,0.1171875,0.1171875,0.1171875,10,10
delay_sensitivity,bursty,gp_mean_mf_mpc,100,1,empirical,slo_violation_fraction,0.464021265774874,0.46707833611176086,0.4458676433148693,0.4805654680950406,10,10
delay_sensitivity,bursty,gp_mean_mf_mpc,100,1,empirical,overload_fraction,0.017361111111111112,0.017361111111111112,0.017361111111111112,0.017361111111111112,10,10
delay_sensitivity,bursty,gp_mean_mf_mpc,100,2,empirical,mean_wait,11767.342106451193,11460.64914635721,9992.873688811873,13614.432723907468,10,10
delay_sensitivity,bursty,gp_mean_mf_mpc,100,2,empirical,p95_wait,49676.20845541503,50680.53321773413,42888.96665560231,56769.03489833496,10,10
delay_sensitivity,bursty,gp_mean_mf_mpc,100,2,empirical,p99_wait,62506.56618100094,60990.654268153245,53777.716865591676,72186.5176956528,10,10
delay_sensitivity,bursty,gp_mean_mf_mpc,100,2,empirical,mean_response,11814.546980336174,11506.327036025396,10039.827290521293,13662.24614965824,10,10
delay_sensitivity,bursty,gp_mean_mf_mpc,100,2,empirical,p95_response,49715.04665806901,50720.858287745636,42936.89231134642,56800.691504061746,10,10
delay_sensitivity,bursty,gp_mean_mf_mpc,100,2,empirical,mean_resource_fraction,0.11118055555555557,0.11118055555555556,0.11118055555555557,0.11118055555555557,10,10
delay_sensitivity,bursty,gp_mean_mf_mpc,100,2,empirical,slo_violation_fraction,0.46813825462616404,0.46818438840708826,0.4524745594189763,0.4835464507195195,10,10
delay_sensitivity,bursty,gp_mean_mf_mpc,100,2,empirical,overload_fraction,0.017361111111111112,0.017361111111111112,0.017361111111111112,0.017361111111111112,10,10
delay_sensitivity,bursty,gp_ucb_mf_mpc,100,0,empirical,mean_wait,16391.534081166603,15611.15239267461,14905.905985116371,18233.984902606466,10,10
delay_sensitivity,bursty,gp_ucb_mf_mpc,100,0,empirical,p95_wait,62076.5678015542,60918.385940433174,55544.67555888728,69289.45139580162,10,10
delay_sensitivity,bursty,gp_ucb_mf_mpc,100,0,empirical,p99_wait,75337.94021336005,77551.53584035393,68538.59878342616,81885.50993667355,10,10
delay_sensitivity,bursty,gp_ucb_mf_mpc,100,0,empirical,mean_response,16438.73895505158,15656.830282342795,14952.16619292054,18281.484131745634,10,10
delay_sensitivity,bursty,gp_ucb_mf_mpc,100,0,empirical,p95_response,62121.646979204124,60954.74885064359,55583.51780336279,69337.22578441424,10,10
delay_sensitivity,bursty,gp_ucb_mf_mpc,100,0,empirical,mean_resource_fraction,0.13125000000000003,0.13125,0.13125000000000003,0.13125000000000003,10,10
delay_sensitivity,bursty,gp_ucb_mf_mpc,100,0,empirical,slo_violation_fraction,0.5009124317500531,0.5031529358531919,0.4956900014949078,0.5042217268700162,10,10
delay_sensitivity,bursty,gp_ucb_mf_mpc,100,0,empirical,overload_fraction,0.017361111111111112,0.017361111111111112,0.017361111111111112,0.017361111111111112,10,10
delay_sensitivity,bursty,gp_ucb_mf_mpc,100,1,empirical,mean_wait,11534.664308431647,10578.136968980538,9769.547828735429,13432.613493349752,10,10
delay_sensitivity,bursty,gp_ucb_mf_mpc,100,1,empirical,p95_wait,51358.99577082803,49573.78306224958,47417.403548256,55999.265273071265,10,10
delay_sensitivity,bursty,gp_ucb_mf_mpc,100,1,empirical,p99_wait,67069.10244409053,67570.28147382103,63482.544672233256,70847.92517975802,10,10
delay_sensitivity,bursty,gp_ucb_mf_mpc,100,1,empirical,mean_response,11581.869182316626,10623.888816722743,9816.222429848436,13480.007976909348,10,10
delay_sensitivity,bursty,gp_ucb_mf_mpc,100,1,empirical,p95_response,51412.18019475242,49629.874777787634,47471.03277001867,56055.11089294688,10,10
delay_sensitivity,bursty,gp_ucb_mf_mpc,100,1,empirical,mean_resource_fraction,0.12371527777777777,0.12371527777777779,0.12371527777777777,0.12371527777777777,10,10
delay_sensitivity,bursty,gp_ucb_mf_mpc,100,1,empirical,slo_violation_fraction,0.44572765225487243,0.45121228956781345,0.41944918850578383,0.4693194156317614,10,10
delay_sensitivity,bursty,gp_ucb_mf_mpc,100,1,empirical,overload_fraction,0.017361111111111112,0.017361111111111112,0.017361111111111112,0.017361111111111112,10,10
delay_sensitivity,bursty,gp_ucb_mf_mpc,100,2,empirical,mean_wait,11403.504260107,10903.836161035177,10156.726226748438,12831.230770001128,10,10
delay_sensitivity,bursty,gp_ucb_mf_mpc,100,2,empirical,p95_wait,50043.80272917509,47833.01494092612,46015.81845875903,54315.874748504844,10,10
delay_sensitivity,bursty,gp_ucb_mf_mpc,100,2,empirical,p99_wait,67311.8669405733,66818.2704475196,60450.09277741289,74263.35091630681,10,10
delay_sensitivity,bursty,gp_ucb_mf_mpc,100,2,empirical,mean_response,11450.709133991984,10953.206334242423,10204.169191830088,12878.08277184683,10,10
delay_sensitivity,bursty,gp_ucb_mf_mpc,100,2,empirical,p95_response,50095.477747085955,47879.11722563281,46079.41016743854,54358.55859705562,10,10
delay_sensitivity,bursty,gp_ucb_mf_mpc,100,2,empirical,mean_resource_fraction,0.1195486111111111,0.1195486111111111,0.1195486111111111,0.1195486111111111,10,10
delay_sensitivity,bursty,gp_ucb_mf_mpc,100,2,empirical,slo_violation_fraction,0.44805253678568063,0.4405398800827933,0.43441650309324353,0.4625965395646727,10,10
delay_sensitivity,bursty,gp_ucb_mf_mpc,100,2,empirical,overload_fraction,0.017361111111111112,0.017361111111111112,0.017361111111111112,0.017361111111111112,10,10
delay_sensitivity,bursty,oracle_mf_mpc,100,0,empirical,mean_wait,9995.030915049818,8995.437892359063,8302.726072111605,11905.51275219392,10,10
delay_sensitivity,bursty,oracle_mf_mpc,100,0,empirical,p95_wait,42066.46384851203,41397.827994202686,37571.65092685185,47121.20042604416,10,10
delay_sensitivity,bursty,oracle_mf_mpc,100,0,empirical,p99_wait,55433.90460929044,52546.647120687994,50733.665680209626,61623.54270951533,10,10
delay_sensitivity,bursty,oracle_mf_mpc,100,0,empirical,mean_response,10042.2357889348,9042.39817289832,8349.304420828843,11953.627018378796,10,10
delay_sensitivity,bursty,oracle_mf_mpc,100,0,empirical,p95_response,42138.880011481626,41454.485905412905,37667.12276439266,47172.43619675176,10,10
delay_sensitivity,bursty,oracle_mf_mpc,100,0,empirical,mean_resource_fraction,0.08333333333333334,0.08333333333333334,0.08333333333333334,0.08333333333333334,10,10
delay_sensitivity,bursty,oracle_mf_mpc,100,0,empirical,slo_violation_fraction,0.4825773762851835,0.46865588800961944,0.45163318710646266,0.5132026853976597,10,10
delay_sensitivity,bursty,oracle_mf_mpc,100,0,empirical,overload_fraction,0.017361111111111112,0.017361111111111112,0.017361111111111112,0.017361111111111112,10,10
delay_sensitivity,bursty,oracle_mf_mpc,100,1,empirical,mean_wait,19992.475245177826,19683.471198432162,18254.308317444087,21829.521111751557,10,10
delay_sensitivity,bursty,oracle_mf_mpc,100,1,empirical,p95_wait,64975.3842486738,67350.78244879964,59928.548203567865,69786.30674109914,10,10
delay_sensitivity,bursty,oracle_mf_mpc,100,1,empirical,p99_wait,74834.73409936515,77889.37817266588,68817.13912886698,80896.36118515971,10,10
delay_sensitivity,bursty,oracle_mf_mpc,100,1,empirical,mean_response,20039.680119062803,19730.557402118764,18301.45091824861,21877.953664516892,10,10
delay_sensitivity,bursty,oracle_mf_mpc,100,1,empirical,p95_response,65000.04600700323,67378.8068154729,59957.82548186003,69808.1238072941,10,10
delay_sensitivity,bursty,oracle_mf_mpc,100,1,empirical,mean_resource_fraction,0.07135416666666665,0.07135416666666666,0.07135416666666665,0.07135416666666665,10,10
delay_sensitivity,bursty,oracle_mf_mpc,100,1,empirical,slo_violation_fraction,0.5593370214326783,0.5597097705330517,0.5566244347442058,0.5614284383658401,10,10
delay_sensitivity,bursty,oracle_mf_mpc,100,1,empirical,overload_fraction,0.017361111111111112,0.017361111111111112,0.017361111111111112,0.017361111111111112,10,10
delay_sensitivity,bursty,oracle_mf_mpc,100,2,empirical,mean_wait,69660.33725783274,69204.44464391435,65838.91275623388,73290.2003410511,10,10
delay_sensitivity,bursty,oracle_mf_mpc,100,2,empirical,p95_wait,199599.74194334302,199746.69171708642,186988.85322586267,210728.9793178192,10,10
delay_sensitivity,bursty,oracle_mf_mpc,100,2,empirical,p99_wait,213389.13590486022,215793.78699492913,198993.15884940885,226104.51649216472,10,10
delay_sensitivity,bursty,oracle_mf_mpc,100,2,empirical,mean_response,69707.54213171774,69251.008451951,65885.67801549281,73338.45895011058,10,10
delay_sensitivity,bursty,oracle_mf_mpc,100,2,empirical,p95_response,199605.64741037766,199750.42075723602,186995.37014861417,210734.5062671764,10,10
delay_sensitivity,bursty,oracle_mf_mpc,100,2,empirical,mean_resource_fraction,0.061805555555555544,0.06180555555555555,0.061805555555555544,0.061805555555555544,10,10
delay_sensitivity,bursty,oracle_mf_mpc,100,2,empirical,slo_violation_fraction,0.5648574056494496,0.5649499549652068,0.5633677587126958,0.5663275129336313,10,10
delay_sensitivity,bursty,oracle_mf_mpc,100,2,empirical,overload_fraction,0.017361111111111112,0.017361111111111112,0.017361111111111112,0.017361111111111112,10,10
delay_sensitivity,bursty,reactive,100,0,empirical,mean_wait,99775.72901270518,97900.80417991275,94803.90210313386,104736.8576485408,10,10
delay_sensitivity,bursty,reactive,100,0,empirical,p95_wait,283745.065594151,277304.3763059593,267855.85487948055,301946.3219535227,10,10
delay_sensitivity,bursty,reactive,100,0,empirical,p99_wait,300098.2945696687,295277.1026594976,284043.4399962618,318797.07879402774,10,10
delay_sensitivity,bursty,reactive,100,0,empirical,mean_response,99822.93388659017,97946.48312527755,94849.82693004447,104785.27070515054,10,10
delay_sensitivity,bursty,reactive,100,0,empirical,p95_response,283752.911599548,277312.55567497737,267864.1728765521,301954.2064454997,10,10
delay_sensitivity,bursty,reactive,100,0,empirical,mean_resource_fraction,0.061805555555555544,0.06180555555555555,0.061805555555555544,0.061805555555555544,10,10
delay_sensitivity,bursty,reactive,100,0,empirical,slo_violation_fraction,0.5632216630609894,0.5632483598209793,0.5617996350694501,0.5646388713417555,10,10
delay_sensitivity,bursty,reactive,100,0,empirical,overload_fraction,0.017361111111111112,0.017361111111111112,0.017361111111111112,0.017361111111111112,10,10
delay_sensitivity,bursty,reactive,100,1,empirical,mean_wait,195830.7081556289,196189.46083442392,190667.05291892067,200888.46162111725,10,10
delay_sensitivity,bursty,reactive,100,1,empirical,p95_wait,540775.4205741538,541349.5296006906,522240.00508284254,559122.9974116068,10,10
delay_sensitivity,bursty,reactive,100,1,empirical,p99_wait,558254.5437718679,557550.9763161945,539807.4736320144,576567.6169912714,10,10
delay_sensitivity,bursty,reactive,100,1,empirical,mean_response,195877.91302951385,196236.9709932716,190713.284208704,200936.87131279905,10,10
delay_sensitivity,bursty,reactive,100,1,empirical,p95_response,540782.8489706637,541357.3947775714,522248.8998877831,559128.658189995,10,10
delay_sensitivity,bursty,reactive,100,1,empirical,mean_resource_fraction,0.061805555555555544,0.06180555555555555,0.061805555555555544,0.061805555555555544,10,10
delay_sensitivity,bursty,reactive,100,1,empirical,slo_violation_fraction,0.5651093297578069,0.5653495409505072,0.5636498715037958,0.566527693940011,10,10
delay_sensitivity,bursty,reactive,100,1,empirical,overload_fraction,0.017361111111111112,0.017361111111111112,0.017361111111111112,0.017361111111111112,10,10
delay_sensitivity,bursty,reactive,100,2,empirical,mean_wait,241391.24702383898,243830.16982130587,234157.30888230196,248430.96758273683,10,10
delay_sensitivity,bursty,reactive,100,2,empirical,p95_wait,606187.5813634915,617013.9512029146,583052.107563788,627184.3759449354,10,10
delay_sensitivity,bursty,reactive,100,2,empirical,p99_wait,621252.3273099216,635110.4919704327,596572.7950797833,643990.4251607325,10,10
delay_sensitivity,bursty,reactive,100,2,empirical,mean_response,241438.45189772392,243877.72324158275,234203.33559910263,248479.03171788383,10,10
delay_sensitivity,bursty,reactive,100,2,empirical,p95_response,606195.0642900772,617020.2660609814,583059.155097282,627192.5952535571,10,10
delay_sensitivity,bursty,reactive,100,2,empirical,mean_resource_fraction,0.061805555555555544,0.06180555555555555,0.061805555555555544,0.061805555555555544,10,10
delay_sensitivity,bursty,reactive,100,2,empirical,slo_violation_fraction,0.5627817067850668,0.562771338212641,0.5612426904879146,0.5642699577035415,10,10
delay_sensitivity,bursty,reactive,100,2,empirical,overload_fraction,0.017361111111111112,0.017361111111111112,0.017361111111111112,0.017361111111111112,10,10
high_volume_delay_robustness,high_volume,ewma_mf_mpc,100,0,empirical,mean_wait,436.16944521026454,447.13448087090626,408.2042176074078,462.853249177624,10,10
high_volume_delay_robustness,high_volume,ewma_mf_mpc,100,0,empirical,p95_wait,2017.5381246237405,2021.9761446394493,1884.3456942213581,2157.670740852304,10,10
high_volume_delay_robustness,high_volume,ewma_mf_mpc,100,0,empirical,p99_wait,6287.972660800781,6271.382316507744,5873.525978912345,6705.770184403539,10,10
high_volume_delay_robustness,high_volume,ewma_mf_mpc,100,0,empirical,mean_response,439.7715828131945,450.7647336410504,411.78686694057154,466.504864170184,10,10
high_volume_delay_robustness,high_volume,ewma_mf_mpc,100,0,empirical,p95_response,2032.216801220064,2036.1371615266216,1898.4918077452116,2172.78400990945,10,10
high_volume_delay_robustness,high_volume,ewma_mf_mpc,100,0,empirical,mean_resource_fraction,0.2735416666666667,0.2735416666666667,0.2735416666666667,0.2735416666666667,10,10
high_volume_delay_robustness,high_volume,ewma_mf_mpc,100,0,empirical,slo_violation_fraction,0.3688665277777778,0.3668486111111111,0.36216702083333335,0.3755248645833333,10,10
high_volume_delay_robustness,high_volume,ewma_mf_mpc,100,0,empirical,overload_fraction,0.1736111111111111,0.1736111111111111,0.1736111111111111,0.1736111111111111,10,10
high_volume_delay_robustness,high_volume,ewma_mf_mpc,100,2,empirical,mean_wait,17628.35696711337,17780.395316404443,14835.579422261984,20627.59348880432,10,10
high_volume_delay_robustness,high_volume,ewma_mf_mpc,100,2,empirical,p95_wait,55547.915075307734,53653.93800608645,46019.4554026354,65512.606173349996,10,10
high_volume_delay_robustness,high_volume,ewma_mf_mpc,100,2,empirical,p99_wait,66023.1416764142,63174.2843493788,55932.327881326644,76555.46834344072,10,10
high_volume_delay_robustness,high_volume,ewma_mf_mpc,100,2,empirical,mean_response,17631.9591047163,17783.89549562318,14839.156205592342,20631.245143513905,10,10
high_volume_delay_robustness,high_volume,ewma_mf_mpc,100,2,empirical,p95_response,55550.07889005998,53655.85166796735,46021.543486311435,65514.443885755805,10,10
high_volume_delay_robustness,high_volume,ewma_mf_mpc,100,2,empirical,mean_resource_fraction,0.2733333333333333,0.2733333333333333,0.2733333333333333,0.2733333333333333,10,10
high_volume_delay_robustness,high_volume,ewma_mf_mpc,100,2,empirical,slo_violation_fraction,0.859867361111111,0.8622326388888889,0.8552212638888889,0.8634982708333333,10,10
high_volume_delay_robustness,high_volume,ewma_mf_mpc,100,2,empirical,overload_fraction,0.1736111111111111,0.1736111111111111,0.1736111111111111,0.1736111111111111,10,10
high_volume_delay_robustness,high_volume,reactive,100,0,empirical,mean_wait,807.1935615815842,761.6638059115246,655.2619712560676,974.3433888431678,10,10
high_volume_delay_robustness,high_volume,reactive,100,0,empirical,p95_wait,4926.559855161827,4665.995081417125,3875.0656033014566,6197.687215259245,10,10
high_volume_delay_robustness,high_volume,reactive,100,0,empirical,p99_wait,9506.629189895652,9085.462046485676,7972.339442598336,11130.567622986484,10,10
high_volume_delay_robustness,high_volume,reactive,100,0,empirical,mean_response,810.7956991845142,765.2092058106593,658.8213500813497,977.959023821642,10,10
high_volume_delay_robustness,high_volume,reactive,100,0,empirical,p95_response,4935.452576444173,4674.229213761133,3886.4668708544527,6203.647628006962,10,10
high_volume_delay_robustness,high_volume,reactive,100,0,empirical,mean_resource_fraction,0.2733680555555555,0.27336805555555554,0.2733680555555555,0.2733680555555555,10,10
high_volume_delay_robustness,high_volume,reactive,100,0,empirical,slo_violation_fraction,0.43079791666666656,0.4316493055555556,0.41054320833333335,0.4512588645833333,10,10
high_volume_delay_robustness,high_volume,reactive,100,0,empirical,overload_fraction,0.1736111111111111,0.1736111111111111,0.1736111111111111,0.1736111111111111,10,10
high_volume_delay_robustness,high_volume,reactive,100,2,empirical,mean_wait,24593.370282955977,24542.711705750597,21005.80149621469,28202.26529544637,10,10
high_volume_delay_robustness,high_volume,reactive,100,2,empirical,p95_wait,65235.95093972211,61225.39202675999,53823.55686552511,77110.70610063504,10,10
high_volume_delay_robustness,high_volume,reactive,100,2,empirical,p99_wait,72574.08303829453,68111.86155478391,60365.130358427064,85679.39165248748,10,10
high_volume_delay_robustness,high_volume,reactive,100,2,empirical,mean_response,24596.972420558905,24546.281788854907,21009.362138821052,28205.89667040687,10,10
high_volume_delay_robustness,high_volume,reactive,100,2,empirical,p95_response,65236.786827031545,61226.6290778622,53824.36278743407,77111.65312777589,10,10
high_volume_delay_robustness,high_volume,reactive,100,2,empirical,mean_resource_fraction,0.2733680555555555,0.27336805555555554,0.2733680555555555,0.2733680555555555,10,10
high_volume_delay_robustness,high_volume,reactive,100,2,empirical,slo_violation_fraction,0.8837591666666667,0.8835847222222222,0.8820184027777779,0.8854859722222223,10,10
high_volume_delay_robustness,high_volume,reactive,100,2,empirical,overload_fraction,0.1736111111111111,0.1736111111111111,0.1736111111111111,0.1736111111111111,10,10
many_server_sensitivity,bursty,gp_mean_mf_mpc,50,1,empirical,mean_wait,12179.31567469976,11779.035646965891,10815.096425503503,13937.408030777973,10,10
many_server_sensitivity,bursty,gp_mean_mf_mpc,50,1,empirical,p95_wait,45684.76058747578,42681.548542424294,41478.48090672742,51179.19836506914,10,10
many_server_sensitivity,bursty,gp_mean_mf_mpc,50,1,empirical,p99_wait,54834.98708729008,52339.701612535646,50081.55375695965,60985.886868896654,10,10
many_server_sensitivity,bursty,gp_mean_mf_mpc,50,1,empirical,mean_response,12220.47959657887,11820.753235382439,10855.32288426209,13978.952853029527,10,10
many_server_sensitivity,bursty,gp_mean_mf_mpc,50,1,empirical,p95_response,45725.12173316837,42700.713041299095,41522.42198092682,51209.013025738175,10,10
many_server_sensitivity,bursty,gp_mean_mf_mpc,50,1,empirical,mean_resource_fraction,0.12604166666666666,0.12604166666666666,0.12604166666666666,0.12604166666666666,10,10
many_server_sensitivity,bursty,gp_mean_mf_mpc,50,1,empirical,slo_violation_fraction,0.5392402420936679,0.5390945708650199,0.5214738593092828,0.556567609340352,10,10
many_server_sensitivity,bursty,gp_mean_mf_mpc,50,1,empirical,overload_fraction,0.017361111111111112,0.017361111111111112,0.017361111111111112,0.017361111111111112,10,10
many_server_sensitivity,bursty,gp_mean_mf_mpc,100,1,empirical,mean_wait,11946.273011096257,11554.875689261615,10697.742669448795,13408.578020856086,10,10
many_server_sensitivity,bursty,gp_mean_mf_mpc,100,1,empirical,p95_wait,50882.05341795914,50053.26519370092,47169.20528018444,55143.07855949646,10,10
many_server_sensitivity,bursty,gp_mean_mf_mpc,100,1,empirical,p99_wait,63266.75771059792,61972.386115144895,59091.014236187024,67429.96276280328,10,10
many_server_sensitivity,bursty,gp_mean_mf_mpc,100,1,empirical,mean_response,11993.477884981237,11602.056226229615,10744.51674202235,13456.292926637609,10,10
many_server_sensitivity,bursty,gp_mean_mf_mpc,100,1,empirical,p95_response,50934.64546027472,50111.25217553425,47231.457906224336,55182.97494015059,10,10
many_server_sensitivity,bursty,gp_mean_mf_mpc,100,1,empirical,mean_resource_fraction,0.1171875,0.1171875,0.1171875,0.1171875,10,10
many_server_sensitivity,bursty,gp_mean_mf_mpc,100,1,empirical,slo_violation_fraction,0.464021265774874,0.46707833611176086,0.4466183411947703,0.4804093994854308,10,10
many_server_sensitivity,bursty,gp_mean_mf_mpc,100,1,empirical,overload_fraction,0.017361111111111112,0.017361111111111112,0.017361111111111112,0.017361111111111112,10,10
many_server_sensitivity,bursty,gp_mean_mf_mpc,200,1,empirical,mean_wait,9332.872222825972,9487.437601415455,8109.551742499953,10629.968149757584,10,10
many_server_sensitivity,bursty,gp_mean_mf_mpc,200,1,empirical,p95_wait,51889.09110782755,48580.47435464364,45744.05389176186,58789.70083539573,10,10
many_server_sensitivity,bursty,gp_mean_mf_mpc,200,1,empirical,p99_wait,79795.94779128247,77076.41905072071,68769.81142907239,92334.40040944084,10,10
many_server_sensitivity,bursty,gp_mean_mf_mpc,200,1,empirical,mean_response,9384.861859669592,9535.670733037457,8161.668267619445,10681.650634274867,10,10
many_server_sensitivity,bursty,gp_mean_mf_mpc,200,1,empirical,p95_response,52029.52429095637,48693.84720983001,45911.09916140321,58904.327632626955,10,10
many_server_sensitivity,bursty,gp_mean_mf_mpc,200,1,empirical,mean_resource_fraction,0.11652777777777779,0.11652777777777779,0.11652777777777779,0.11652777777777779,10,10
many_server_sensitivity,bursty,gp_mean_mf_mpc,200,1,empirical,slo_violation_fraction,0.36706488503246837,0.3717962434793165,0.34643074660005163,0.3877034699621195,10,10
many_server_sensitivity,bursty,gp_mean_mf_mpc,200,1,empirical,overload_fraction,0.017361111111111112,0.017361111111111112,0.017361111111111112,0.017361111111111112,10,10
many_server_sensitivity,bursty,gp_ucb_mf_mpc,50,1,empirical,mean_wait,14130.083288925813,13930.59257719948,12982.164922455177,15406.442649216555,10,10
many_server_sensitivity,bursty,gp_ucb_mf_mpc,50,1,empirical,p95_wait,51211.701321860826,50909.683596355484,47305.65097553537,55461.477866430025,10,10
many_server_sensitivity,bursty,gp_ucb_mf_mpc,50,1,empirical,p99_wait,62266.88633922326,61670.57627046132,56963.03794535652,67980.33270376301,10,10
many_server_sensitivity,bursty,gp_ucb_mf_mpc,50,1,empirical,mean_response,14171.247210804922,13972.11922046855,13022.851502248368,15447.710229918604,10,10
many_server_sensitivity,bursty,gp_ucb_mf_mpc,50,1,empirical,p95_response,51259.53556510913,50970.390326992165,47369.59282920411,55502.91413836939,10,10
many_server_sensitivity,bursty,gp_ucb_mf_mpc,50,1,empirical,mean_resource_fraction,0.13229166666666667,0.13229166666666667,0.13229166666666667,0.13229166666666667,10,10
many_server_sensitivity,bursty,gp_ucb_mf_mpc,50,1,empirical,slo_violation_fraction,0.5526762900923975,0.5563354919738699,0.5423455130471533,0.5617367532459986,10,10
many_server_sensitivity,bursty,gp_ucb_mf_mpc,50,1,empirical,overload_fraction,0.017361111111111112,0.017361111111111112,0.017361111111111112,0.017361111111111112,10,10
many_server_sensitivity,bursty,gp_ucb_mf_mpc,100,1,empirical,mean_wait,11534.66430843165,10578.136968980538,9746.761431094366,13409.092114603218,10,10
many_server_sensitivity,bursty,gp_ucb_mf_mpc,100,1,empirical,p95_wait,51358.99577082803,49573.78306224958,47381.839898379934,55990.18099900294,10,10
many_server_sensitivity,bursty,gp_ucb_mf_mpc,100,1,empirical,p99_wait,67069.10244409055,67570.28147382103,63546.19294497724,70842.52793801262,10,10
many_server_sensitivity,bursty,gp_ucb_mf_mpc,100,1,empirical,mean_response,11581.86918231663,10623.888816722743,9793.593262255336,13456.852723115642,10,10
many_server_sensitivity,bursty,gp_ucb_mf_mpc,100,1,empirical,p95_response,51412.18019475242,49629.874777787634,47436.10419823459,56031.90261391203,10,10
many_server_sensitivity,bursty,gp_ucb_mf_mpc,100,1,empirical,mean_resource_fraction,0.12371527777777777,0.12371527777777779,0.12371527777777777,0.12371527777777777,10,10
many_server_sensitivity,bursty,gp_ucb_mf_mpc,100,1,empirical,slo_violation_fraction,0.44572765225487254,0.45121228956781345,0.41906482736047035,0.4684910609995346,10,10
many_server_sensitivity,bursty,gp_ucb_mf_mpc,100,1,empirical,overload_fraction,0.017361111111111112,0.017361111111111112,0.017361111111111112,0.017361111111111112,10,10
many_server_sensitivity,bursty,gp_ucb_mf_mpc,200,1,empirical,mean_wait,10466.559645978215,10504.251556311221,8455.547131120378,12491.517464451099,10,10
many_server_sensitivity,bursty,gp_ucb_mf_mpc,200,1,empirical,p95_wait,60276.37699139116,61870.916839325044,48845.47627228492,72167.12899069149,10,10
many_server_sensitivity,bursty,gp_ucb_mf_mpc,200,1,empirical,p99_wait,89387.84406436744,85574.66851896729,72103.66424627673,107593.73995670192,10,10
many_server_sensitivity,bursty,gp_ucb_mf_mpc,200,1,empirical,mean_response,10518.549282821838,10555.508255035467,8506.427610796221,12543.944331993931,10,10
many_server_sensitivity,bursty,gp_ucb_mf_mpc,200,1,empirical,p95_response,60406.26003637499,61966.29207696789,49033.69935236791,72258.15339525897,10,10
many_server_sensitivity,bursty,gp_ucb_mf_mpc,200,1,empirical,mean_resource_fraction,0.12295138888888887,0.12295138888888889,0.12295138888888887,0.12295138888888887,10,10
many_server_sensitivity,bursty,gp_ucb_mf_mpc,200,1,empirical,slo_violation_fraction,0.3662133104678781,0.36629511101335066,0.3427298763901881,0.38973306344669795,10,10
many_server_sensitivity,bursty,gp_ucb_mf_mpc,200,1,empirical,overload_fraction,0.017361111111111112,0.017361111111111112,0.017361111111111112,0.017361111111111112,10,10
many_server_sensitivity,bursty,oracle_mf_mpc,50,1,empirical,mean_wait,19113.585583419597,18716.96165994823,18201.958405513004,20200.554183294884,10,10
many_server_sensitivity,bursty,oracle_mf_mpc,50,1,empirical,p95_wait,56837.86060965515,58098.76667952514,53498.8838717677,59869.88194784853,10,10
many_server_sensitivity,bursty,oracle_mf_mpc,50,1,empirical,p99_wait,65915.7002726687,67428.83718505003,61603.62144452338,69718.01991792725,10,10
many_server_sensitivity,bursty,oracle_mf_mpc,50,1,empirical,mean_response,19154.749505298714,18758.13487861777,18242.593238318706,20242.309023030284,10,10
many_server_sensitivity,bursty,oracle_mf_mpc,50,1,empirical,p95_response,56878.00421198615,58137.528145424774,53534.42904508183,59913.50116017201,10,10
many_server_sensitivity,bursty,oracle_mf_mpc,50,1,empirical,mean_resource_fraction,0.08104166666666666,0.08104166666666666,0.08104166666666666,0.08104166666666666,10,10
many_server_sensitivity,bursty,oracle_mf_mpc,50,1,empirical,slo_violation_fraction,0.6241926976304681,0.6243789086189349,0.6221197050341319,0.6262093523191098,10,10
many_server_sensitivity,bursty,oracle_mf_mpc,50,1,empirical,overload_fraction,0.017361111111111112,0.017361111111111112,0.017361111111111112,0.017361111111111112,10,10
many_server_sensitivity,bursty,oracle_mf_mpc,100,1,empirical,mean_wait,19992.47524517782,19683.471198432162,18265.43675717601,21804.47731150777,10,10
many_server_sensitivity,bursty,oracle_mf_mpc,100,1,empirical,p95_wait,64975.3842486738,67350.78244879964,60025.361797962476,69664.54933730094,10,10
many_server_sensitivity,bursty,oracle_mf_mpc,100,1,empirical,p99_wait,74834.73409936513,77889.37817266588,68951.46169542582,80744.19844065291,10,10
many_server_sensitivity,bursty,oracle_mf_mpc,100,1,empirical,mean_response,20039.680119062803,19730.557402118764,18312.27327227889,21852.904872664963,10,10
many_server_sensitivity,bursty,oracle_mf_mpc,100,1,empirical,p95_response,65000.04600700324,67378.8068154729,60052.305473341825,69686.67869543264,10,10
many_server_sensitivity,bursty,oracle_mf_mpc,100,1,empirical,mean_resource_fraction,0.07135416666666665,0.07135416666666666,0.07135416666666665,0.07135416666666665,10,10
many_server_sensitivity,bursty,oracle_mf_mpc,100,1,empirical,slo_violation_fraction,0.5593370214326782,0.5597097705330517,0.5566688522452882,0.561409119750529,10,10
many_server_sensitivity,bursty,oracle_mf_mpc,100,1,empirical,overload_fraction,0.017361111111111112,0.017361111111111112,0.017361111111111112,0.017361111111111112,10,10
many_server_sensitivity,bursty,oracle_mf_mpc,200,1,empirical,mean_wait,16810.998164049182,17340.38364288643,14801.42641600993,18752.617135859862,10,10
many_server_sensitivity,bursty,oracle_mf_mpc,200,1,empirical,p95_wait,71593.16944828119,71486.81339040733,63543.18870831008,79565.77165410705,10,10
many_server_sensitivity,bursty,oracle_mf_mpc,200,1,empirical,p99_wait,100911.98414614864,98433.80713919069,83608.45100097317,120602.37821005561,10,10
many_server_sensitivity,bursty,oracle_mf_mpc,200,1,empirical,mean_response,16862.9878008928,17392.54967327614,14854.909528425183,18804.70655997726,10,10
many_server_sensitivity,bursty,oracle_mf_mpc,200,1,empirical,p95_response,71648.09640891099,71511.31248662618,63592.925839171185,79617.12520681991,10,10
many_server_sensitivity,bursty,oracle_mf_mpc,200,1,empirical,mean_resource_fraction,0.07135416666666665,0.07135416666666666,0.07135416666666665,0.07135416666666665,10,10
many_server_sensitivity,bursty,oracle_mf_mpc,200,1,empirical,slo_violation_fraction,0.4721955035783979,0.4780344296436505,0.4618169960952522,0.48271204231989956,10,10
many_server_sensitivity,bursty,oracle_mf_mpc,200,1,empirical,overload_fraction,0.017361111111111112,0.017361111111111112,0.017361111111111112,0.017361111111111112,10,10
many_server_sensitivity,bursty,reactive,50,1,empirical,mean_wait,164006.85403704288,162479.02729841263,158643.45901807546,170113.00931438428,10,10
many_server_sensitivity,bursty,reactive,50,1,empirical,p95_wait,429782.3512560659,429901.7758914124,409797.4044020131,447643.3561368006,10,10
many_server_sensitivity,bursty,reactive,50,1,empirical,p99_wait,440100.3994479931,442373.1820712882,419000.8164507232,458830.1158242723,10,10
many_server_sensitivity,bursty,reactive,50,1,empirical,mean_response,164048.017958922,162519.78174038877,158683.9918548928,170154.95432137194,10,10
many_server_sensitivity,bursty,reactive,50,1,empirical,p95_response,429790.9718258303,429911.4522041491,409806.7696912467,447650.5678570398,10,10
many_server_sensitivity,bursty,reactive,50,1,empirical,mean_resource_fraction,0.07180555555555555,0.07180555555555555,0.07180555555555555,0.07180555555555555,10,10
many_server_sensitivity,bursty,reactive,50,1,empirical,slo_violation_fraction,0.629118033639134,0.629146082794289,0.627450522747467,0.6307556049571014,10,10
many_server_sensitivity,bursty,reactive,50,1,empirical,overload_fraction,0.017361111111111112,0.017361111111111112,0.017361111111111112,0.017361111111111112,10,10
many_server_sensitivity,bursty,reactive,100,1,empirical,mean_wait,195830.7081556289,196189.46083442392,190683.14402992776,200977.34353152497,10,10
many_server_sensitivity,bursty,reactive,100,1,empirical,p95_wait,540775.4205741538,541349.5296006906,522052.2107499375,559461.8424821608,10,10
many_server_sensitivity,bursty,reactive,100,1,empirical,p99_wait,558254.5437718679,557550.9763161945,539569.0893971978,576865.2265321884,10,10
many_server_sensitivity,bursty,reactive,100,1,empirical,mean_response,195877.91302951387,196236.9709932716,190729.21225328976,201025.7615906148,10,10
many_server_sensitivity,bursty,reactive,100,1,empirical,p95_response,540782.8489706637,541357.3947775714,522060.2213568558,559469.1185138192,10,10
many_server_sensitivity,bursty,reactive,100,1,empirical,mean_resource_fraction,0.061805555555555544,0.06180555555555555,0.061805555555555544,0.061805555555555544,10,10
many_server_sensitivity,bursty,reactive,100,1,empirical,slo_violation_fraction,0.5651093297578069,0.5653495409505072,0.5637056983020129,0.5664967005072952,10,10
many_server_sensitivity,bursty,reactive,100,1,empirical,overload_fraction,0.017361111111111112,0.017361111111111112,0.017361111111111112,0.017361111111111112,10,10
many_server_sensitivity,bursty,reactive,200,1,empirical,mean_wait,199845.5743233568,195900.5297802877,191273.07124844706,209699.14522525773,10,10
many_server_sensitivity,bursty,reactive,200,1,empirical,p95_wait,547801.8482133109,558772.0002799055,522963.15383002063,573367.9000369258,10,10
many_server_sensitivity,bursty,reactive,200,1,empirical,p99_wait,604997.0080469626,584990.0277664529,567704.4575467582,649494.2288148883,10,10
many_server_sensitivity,bursty,reactive,200,1,empirical,mean_response,199897.5639602004,195952.93203687493,191323.72691003268,209753.2033597065,10,10
many_server_sensitivity,bursty,reactive,200,1,empirical,p95_response,547814.0844379301,558779.9833367935,522978.1077776148,573380.1703155293,10,10
many_server_sensitivity,bursty,reactive,200,1,empirical,mean_resource_fraction,0.061805555555555544,0.06180555555555555,0.061805555555555544,0.061805555555555544,10,10
many_server_sensitivity,bursty,reactive,200,1,empirical,slo_violation_fraction,0.5213273257885531,0.5210531663102462,0.5203270357921378,0.5223393281268999,10,10
many_server_sensitivity,bursty,reactive,200,1,empirical,overload_fraction,0.017361111111111112,0.017361111111111112,0.017361111111111112,0.017361111111111112,10,10
model_mismatch,bursty,ewma_mf_mpc,100,1,empirical,mean_wait,125382.10743437237,125348.8771965848,121406.00564262902,129402.97851742867,10,10
model_mismatch,bursty,ewma_mf_mpc,100,1,empirical,p95_wait,411305.0163419264,416504.9235814125,393159.8161447397,426585.34631870355,10,10
model_mismatch,bursty,ewma_mf_mpc,100,1,empirical,p99_wait,428971.5182841692,434516.70746683504,410111.0638255358,444723.4552873429,10,10
model_mismatch,bursty,ewma_mf_mpc,100,1,empirical,mean_response,125429.31230825733,125396.38735543245,121452.09324780393,129451.12970907277,10,10
model_mismatch,bursty,ewma_mf_mpc,100,1,empirical,p95_response,411312.62983181863,416508.4739502458,393168.90927055175,426593.29134335596,10,10
model_mismatch,bursty,ewma_mf_mpc,100,1,empirical,mean_resource_fraction,0.10298611111111111,0.10298611111111111,0.10298611111111111,0.10298611111111111,10,10
model_mismatch,bursty,ewma_mf_mpc,100,1,empirical,slo_violation_fraction,0.5506482828876134,0.5502582513518768,0.5489236821308371,0.5524101627923474,10,10
model_mismatch,bursty,ewma_mf_mpc,100,1,empirical,overload_fraction,0.017361111111111112,0.017361111111111112,0.017361111111111112,0.017361111111111112,10,10
model_mismatch,bursty,ewma_mf_mpc,100,1,exponential_matched,mean_wait,138458.38223163728,137592.93681293377,137147.39326612052,140015.6038588131,10,10
model_mismatch,bursty,ewma_mf_mpc,100,1,exponential_matched,p95_wait,390353.6599565958,387071.38677521993,386958.87005410664,394280.14362699847,10,10
model_mismatch,bursty,ewma_mf_mpc,100,1,exponential_matched,p99_wait,400656.6443407122,397572.1053890899,395700.5453803956,406509.04798172845,10,10
model_mismatch,bursty,ewma_mf_mpc,100,1,exponential_matched,mean_response,138509.45862934442,137643.94034599006,137198.1564863611,140066.94224848802,10,10
model_mismatch,bursty,ewma_mf_mpc,100,1,exponential_matched,p95_response,390365.3770210492,387077.3829661975,386967.0715557669,394295.91596484266,10,10
model_mismatch,bursty,ewma_mf_mpc,100,1,exponential_matched,mean_resource_fraction,0.10298611111111111,0.10298611111111111,0.10298611111111111,0.10298611111111111,10,10
model_mismatch,bursty,ewma_mf_mpc,100,1,exponential_matched,slo_violation_fraction,0.5583545662889529,0.558580100372611,0.5571033102877355,0.559628084128955,10,10
model_mismatch,bursty,ewma_mf_mpc,100,1,exponential_matched,overload_fraction,0.017361111111111112,0.017361111111111112,0.017361111111111112,0.017361111111111112,10,10
model_mismatch,bursty,gp_mean_mf_mpc,100,1,empirical,mean_wait,11946.273011096257,11554.875689261615,10704.954001252036,13372.246377780559,10,10
model_mismatch,bursty,gp_mean_mf_mpc,100,1,empirical,p95_wait,50882.05341795914,50053.26519370092,47182.57631154952,55059.417723916325,10,10
model_mismatch,bursty,gp_mean_mf_mpc,100,1,empirical,p99_wait,63266.75771059792,61972.386115144895,59093.34107156078,67506.74362624055,10,10
model_mismatch,bursty,gp_mean_mf_mpc,100,1,empirical,mean_response,11993.477884981236,11602.056226229615,10752.126582939421,13419.231285798132,10,10
model_mismatch,bursty,gp_mean_mf_mpc,100,1,empirical,p95_response,50934.645460274725,50111.25217553425,47242.16034234025,55096.18026561143,10,10
model_mismatch,bursty,gp_mean_mf_mpc,100,1,empirical,mean_resource_fraction,0.1171875,0.1171875,0.1171875,0.1171875,10,10
model_mismatch,bursty,gp_mean_mf_mpc,100,1,empirical,slo_violation_fraction,0.464021265774874,0.46707833611176086,0.4466869750499392,0.4804943861293845,10,10
model_mismatch,bursty,gp_mean_mf_mpc,100,1,empirical,overload_fraction,0.017361111111111112,0.017361111111111112,0.017361111111111112,0.017361111111111112,10,10
model_mismatch,bursty,gp_mean_mf_mpc,100,1,exponential_matched,mean_wait,14483.477336822185,14630.963750309951,14199.428552420408,14688.561134019244,10,10
model_mismatch,bursty,gp_mean_mf_mpc,100,1,exponential_matched,p95_wait,47423.83199487379,47617.26771718333,46540.79395497935,48120.98127939207,10,10
model_mismatch,bursty,gp_mean_mf_mpc,100,1,exponential_matched,p99_wait,53979.83686300014,54393.76134097649,52559.150847132136,55209.421379723826,10,10
model_mismatch,bursty,gp_mean_mf_mpc,100,1,exponential_matched,mean_response,14534.553734529307,14682.398419116575,14250.381133669965,14739.727616709337,10,10
model_mismatch,bursty,gp_mean_mf_mpc,100,1,exponential_matched,p95_response,47446.328767551706,47640.12321473358,46567.110498399226,48141.48198277684,10,10
model_mismatch,bursty,gp_mean_mf_mpc,100,1,exponential_matched,mean_resource_fraction,0.1171875,0.1171875,0.1171875,0.1171875,10,10
model_mismatch,bursty,gp_mean_mf_mpc,100,1,exponential_matched,slo_violation_fraction,0.49742422792968527,0.4974934880135291,0.49615348846888,0.4987083348766952,10,10
model_mismatch,bursty,gp_mean_mf_mpc,100,1,exponential_matched,overload_fraction,0.017361111111111112,0.017361111111111112,0.017361111111111112,0.017361111111111112,10,10
model_mismatch,bursty,gp_ucb_mf_mpc,100,1,empirical,mean_wait,11534.66430843165,10578.136968980538,9739.136522513427,13421.229780445197,10,10
model_mismatch,bursty,gp_ucb_mf_mpc,100,1,empirical,p95_wait,51358.99577082803,49573.78306224958,47357.10921114409,56045.772115202635,10,10
model_mismatch,bursty,gp_ucb_mf_mpc,100,1,empirical,p99_wait,67069.10244409053,67570.28147382103,63503.93272877418,70821.76256422972,10,10
model_mismatch,bursty,gp_ucb_mf_mpc,100,1,empirical,mean_response,11581.869182316626,10623.888816722743,9786.862790444568,13469.543240943054,10,10
model_mismatch,bursty,gp_ucb_mf_mpc,100,1,empirical,p95_response,51412.18019475242,49629.874777787634,47412.55553693009,56102.15033115152,10,10
model_mismatch,bursty,gp_ucb_mf_mpc,100,1,empirical,mean_resource_fraction,0.12371527777777777,0.12371527777777779,0.12371527777777777,0.12371527777777777,10,10
model_mismatch,bursty,gp_ucb_mf_mpc,100,1,empirical,slo_violation_fraction,0.44572765225487254,0.45121228956781345,0.4191738914148823,0.46899717603734137,10,10
model_mismatch,bursty,gp_ucb_mf_mpc,100,1,empirical,overload_fraction,0.017361111111111112,0.017361111111111112,0.017361111111111112,0.017361111111111112,10,10
model_mismatch,bursty,gp_ucb_mf_mpc,100,1,exponential_matched,mean_wait,15829.886248411989,16055.807533416833,15491.7972536122,16128.697928603951,10,10
model_mismatch,bursty,gp_ucb_mf_mpc,100,1,exponential_matched,p95_wait,52297.71321757841,52409.653690230014,51041.97347977921,53523.61322609062,10,10
model_mismatch,bursty,gp_ucb_mf_mpc,100,1,exponential_matched,p99_wait,59056.994544707086,59797.47076825578,57562.3969567073,60316.88163647355,10,10
model_mismatch,bursty,gp_ucb_mf_mpc,100,1,exponential_matched,mean_response,15880.962646119111,16106.975970983507,15542.8530138798,16179.810632931918,10,10
model_mismatch,bursty,gp_ucb_mf_mpc,100,1,exponential_matched,p95_response,52317.95829970128,52428.103941540496,51061.68486469391,53545.77457395442,10,10
model_mismatch,bursty,gp_ucb_mf_mpc,100,1,exponential_matched,mean_resource_fraction,0.12371527777777777,0.12371527777777779,0.12371527777777777,0.12371527777777777,10,10
model_mismatch,bursty,gp_ucb_mf_mpc,100,1,exponential_matched,slo_violation_fraction,0.4904034550737908,0.4897027422687813,0.4891980978489605,0.49169518876383617,10,10
model_mismatch,bursty,gp_ucb_mf_mpc,100,1,exponential_matched,overload_fraction,0.017361111111111112,0.017361111111111112,0.017361111111111112,0.017361111111111112,10,10
model_mismatch,bursty,oracle_mf_mpc,100,1,empirical,mean_wait,19992.475245177826,19683.471198432162,18237.561259100556,21882.443614015792,10,10
model_mismatch,bursty,oracle_mf_mpc,100,1,empirical,p95_wait,64975.3842486738,67350.78244879964,59819.23324018007,69625.69655906744,10,10
model_mismatch,bursty,oracle_mf_mpc,100,1,empirical,p99_wait,74834.73409936515,77889.37817266588,68695.52160676025,80743.88124152033,10,10
model_mismatch,bursty,oracle_mf_mpc,100,1,empirical,mean_response,20039.680119062803,19730.557402118764,18285.221523398715,21929.235035678055,10,10
model_mismatch,bursty,oracle_mf_mpc,100,1,empirical,p95_response,65000.04600700323,67378.8068154729,59849.15375157362,69646.81843646808,10,10
model_mismatch,bursty,oracle_mf_mpc,100,1,empirical,mean_resource_fraction,0.07135416666666665,0.07135416666666666,0.07135416666666665,0.07135416666666665,10,10
model_mismatch,bursty,oracle_mf_mpc,100,1,empirical,slo_violation_fraction,0.5593370214326782,0.5597097705330517,0.5566013241528264,0.5614563660788584,10,10
model_mismatch,bursty,oracle_mf_mpc,100,1,empirical,overload_fraction,0.017361111111111112,0.017361111111111112,0.017361111111111112,0.017361111111111112,10,10
model_mismatch,bursty,oracle_mf_mpc,100,1,exponential_matched,mean_wait,21630.417087794933,21664.665829408958,21114.81562450339,22091.39587793296,10,10
model_mismatch,bursty,oracle_mf_mpc,100,1,exponential_matched,p95_wait,58778.10659362467,58967.913624417095,57388.50653164632,59986.21612077741,10,10
model_mismatch,bursty,oracle_mf_mpc,100,1,exponential_matched,p99_wait,64403.20252035458,64638.83107474563,62601.37725485919,66036.65344336632,10,10
model_mismatch,bursty,oracle_mf_mpc,100,1,exponential_matched,mean_response,21681.493485502055,21715.802926753066,21165.771278519253,22142.564066154933,10,10
model_mismatch,bursty,oracle_mf_mpc,100,1,exponential_matched,p95_response,58802.54044279773,58991.901580657155,57413.24606667559,60008.67932854382,10,10
model_mismatch,bursty,oracle_mf_mpc,100,1,exponential_matched,mean_resource_fraction,0.07135416666666665,0.07135416666666666,0.07135416666666665,0.07135416666666665,10,10
model_mismatch,bursty,oracle_mf_mpc,100,1,exponential_matched,slo_violation_fraction,0.5631000276178859,0.5630941807048655,0.5618215607237234,0.5643547640635656,10,10
model_mismatch,bursty,oracle_mf_mpc,100,1,exponential_matched,overload_fraction,0.017361111111111112,0.017361111111111112,0.017361111111111112,0.017361111111111112,10,10
model_mismatch,bursty,reactive,100,1,empirical,mean_wait,195830.7081556289,196189.46083442392,190568.41383296912,201118.87847827104,10,10
model_mismatch,bursty,reactive,100,1,empirical,p95_wait,540775.4205741538,541349.5296006906,522137.9380115382,559095.9869729151,10,10
model_mismatch,bursty,reactive,100,1,empirical,p99_wait,558254.5437718679,557550.9763161945,539606.2959653615,576549.7117488481,10,10
model_mismatch,bursty,reactive,100,1,empirical,mean_response,195877.91302951387,196236.9709932716,190614.34860202414,201167.36732968173,10,10
model_mismatch,bursty,reactive,100,1,empirical,p95_response,540782.8489706637,541357.3947775714,522145.35981579276,559103.7936367438,10,10
model_mismatch,bursty,reactive,100,1,empirical,mean_resource_fraction,0.061805555555555544,0.06180555555555555,0.061805555555555544,0.061805555555555544,10,10
model_mismatch,bursty,reactive,100,1,empirical,slo_violation_fraction,0.5651093297578069,0.5653495409505072,0.5636893337855019,0.5664900684833187,10,10
model_mismatch,bursty,reactive,100,1,empirical,overload_fraction,0.017361111111111112,0.017361111111111112,0.017361111111111112,0.017361111111111112,10,10
model_mismatch,bursty,reactive,100,1,exponential_matched,mean_wait,213118.86963368594,212875.87059371758,211137.999281839,215194.99399730112,10,10
model_mismatch,bursty,reactive,100,1,exponential_matched,p95_wait,510626.1494614564,509517.81163678085,504863.9238992609,516539.03563217504,10,10
model_mismatch,bursty,reactive,100,1,exponential_matched,p99_wait,521332.69918090414,517991.1180967364,514303.84827695607,529167.0250964323,10,10
model_mismatch,bursty,reactive,100,1,exponential_matched,mean_response,213169.94603139308,212926.8741267739,211188.79946382326,215246.2885545648,10,10
model_mismatch,bursty,reactive,100,1,exponential_matched,p95_response,510633.39815123274,509525.14197931974,504870.51806105184,516546.0832099657,10,10
model_mismatch,bursty,reactive,100,1,exponential_matched,mean_resource_fraction,0.061805555555555544,0.06180555555555555,0.061805555555555544,0.061805555555555544,10,10
model_mismatch,bursty,reactive,100,1,exponential_matched,slo_violation_fraction,0.5667551657293335,0.5669517807541913,0.5655157891444149,0.5680220093199558,10,10
model_mismatch,bursty,reactive,100,1,exponential_matched,overload_fraction,0.017361111111111112,0.017361111111111112,0.017361111111111112,0.017361111111111112,10,10
model_mismatch,bursty,seasonal_mf_mpc,100,1,empirical,mean_wait,282405.8077043096,281981.1696685954,274796.4518474822,290169.3684493611,10,10
model_mismatch,bursty,seasonal_mf_mpc,100,1,empirical,p95_wait,720503.8819822181,725027.8785473573,698691.1859720058,739535.1151415424,10,10
model_mismatch,bursty,seasonal_mf_mpc,100,1,empirical,p99_wait,739261.5230408596,746243.3455884013,715780.2465113305,759819.1151051159,10,10
model_mismatch,bursty,seasonal_mf_mpc,100,1,empirical,mean_response,282453.0125781946,282028.12994913466,274842.6221766508,290217.72422342974,10,10
model_mismatch,bursty,seasonal_mf_mpc,100,1,empirical,p95_response,720511.1869850876,725031.8349848506,698700.0540916341,739542.36968196,10,10
model_mismatch,bursty,seasonal_mf_mpc,100,1,empirical,mean_resource_fraction,0.07743055555555556,0.07743055555555556,0.07743055555555556,0.07743055555555556,10,10
model_mismatch,bursty,seasonal_mf_mpc,100,1,empirical,slo_violation_fraction,0.5323559172889532,0.5320547567095301,0.5309348392914279,0.5337400497018487,10,10
model_mismatch,bursty,seasonal_mf_mpc,100,1,empirical,overload_fraction,0.017361111111111112,0.017361111111111112,0.017361111111111112,0.017361111111111112,10,10
model_mismatch,bursty,seasonal_mf_mpc,100,1,exponential_matched,mean_wait,306763.75201519753,305663.20521453256,304758.63349707035,309116.3566725819,10,10
model_mismatch,bursty,seasonal_mf_mpc,100,1,exponential_matched,p95_wait,705236.0451586007,704419.9735591101,701145.085362467,709085.3153706671,10,10
model_mismatch,bursty,seasonal_mf_mpc,100,1,exponential_matched,p99_wait,716043.7605864794,712896.3659026045,709990.2400196998,722635.3424036383,10,10
model_mismatch,bursty,seasonal_mf_mpc,100,1,exponential_matched,mean_response,306814.82841290475,305714.20874758885,304809.3656751437,309167.6005921875,10,10
model_mismatch,bursty,seasonal_mf_mpc,100,1,exponential_matched,p95_response,705243.4168697442,704425.262341483,701152.0490309257,709096.6114617888,10,10
model_mismatch,bursty,seasonal_mf_mpc,100,1,exponential_matched,mean_resource_fraction,0.07743055555555556,0.07743055555555556,0.07743055555555556,0.07743055555555556,10,10
model_mismatch,bursty,seasonal_mf_mpc,100,1,exponential_matched,slo_violation_fraction,0.5330998359331482,0.5333181638301863,0.5318619126497042,0.5342954652022617,10,10
model_mismatch,bursty,seasonal_mf_mpc,100,1,exponential_matched,overload_fraction,0.017361111111111112,0.017361111111111112,0.017361111111111112,0.017361111111111112,10,10
model_mismatch,bursty,static,100,1,empirical,mean_wait,305935.30943069496,305488.0724434136,297908.8982178441,314173.99061603233,10,10
model_mismatch,bursty,static,100,1,empirical,p95_wait,723219.891657402,728606.2571293493,700667.5071544576,742934.0821546663,10,10
model_mismatch,bursty,static,100,1,empirical,p99_wait,739261.5230408596,746243.3455884013,715780.2465113305,759819.1151051159,10,10
model_mismatch,bursty,static,100,1,empirical,mean_response,305982.5143045799,305535.0327239529,297955.0561694804,314222.26650934346,10,10
model_mismatch,bursty,static,100,1,empirical,p95_response,723225.7341783212,728611.3504457048,700672.648689128,742939.5590830224,10,10
model_mismatch,bursty,static,100,1,empirical,mean_resource_fraction,0.05,0.05,0.05,0.05,10,10
model_mismatch,bursty,static,100,1,empirical,slo_violation_fraction,0.5694934391276989,0.5694787541449277,0.5680299428882007,0.57092991278088,10,10
model_mismatch,bursty,static,100,1,empirical,overload_fraction,0.017361111111111112,0.017361111111111112,0.017361111111111112,0.017361111111111112,10,10
model_mismatch,bursty,static,100,1,exponential_matched,mean_wait,332334.9804030519,331620.8534701824,330177.0348679717,334795.8662486682,10,10
model_mismatch,bursty,static,100,1,exponential_matched,p95_wait,705823.4057230598,704419.9735591101,701349.2953769097,710319.5328815489,10,10
model_mismatch,bursty,static,100,1,exponential_matched,p99_wait,716043.7605864794,712896.3659026045,709990.2400196998,722635.3424036383,10,10
model_mismatch,bursty,static,100,1,exponential_matched,mean_response,332386.05680075905,331672.02163432376,330227.90305370983,334847.2212890186,10,10
model_mismatch,bursty,static,100,1,exponential_matched,p95_response,705829.4829449159,704425.262341483,701354.0460462723,710323.0272881004,10,10
model_mismatch,bursty,static,100,1,exponential_matched,mean_resource_fraction,0.05,0.05,0.05,0.05,10,10
model_mismatch,bursty,static,100,1,exponential_matched,slo_violation_fraction,0.5702459119988823,0.5703970443733477,0.5689902406631853,0.5715255851404026,10,10
model_mismatch,bursty,static,100,1,exponential_matched,overload_fraction,0.017361111111111112,0.017361111111111112,0.017361111111111112,0.017361111111111112,10,10
primary,bursty,ewma_mf_mpc,100,1,empirical,mean_wait,125382.10743437237,125348.87719658481,121484.57618121985,129348.85965844401,10,10
primary,bursty,ewma_mf_mpc,100,1,empirical,p95_wait,411305.0163419264,416504.9235814125,393911.60165398364,426219.1702047966,10,10
primary,bursty,ewma_mf_mpc,100,1,empirical,p99_wait,428971.5182841692,434516.707466835,410978.57703315886,444258.17488360486,10,10
primary,bursty,ewma_mf_mpc,100,1,empirical,mean_response,125429.31230825733,125396.38735543244,121530.60830951357,129397.09614689052,10,10
primary,bursty,ewma_mf_mpc,100,1,empirical,p95_response,411312.62983181863,416508.4739502458,393919.79489121714,426227.08717925573,10,10
primary,bursty,ewma_mf_mpc,100,1,empirical,mean_resource_fraction,0.10298611111111108,0.1029861111111111,0.10298611111111108,0.10298611111111108,10,10
primary,bursty,ewma_mf_mpc,100,1,empirical,slo_violation_fraction,0.5506482828876132,0.5502582513518768,0.5489742071990485,0.5524125310469519,10,10
primary,bursty,ewma_mf_mpc,100,1,empirical,overload_fraction,0.0173611111111111,0.0173611111111111,0.0173611111111111,0.0173611111111111,10,10
primary,bursty,gp_mean_mf_mpc,100,1,empirical,mean_wait,11946.273011096255,11554.875689261615,10676.751442413537,13364.07824214884,10,10
primary,bursty,gp_mean_mf_mpc,100,1,empirical,p95_wait,50882.05341795914,50053.26519370092,47185.32559113068,55069.898738419135,10,10
primary,bursty,gp_mean_mf_mpc,100,1,empirical,p99_wait,63266.75771059792,61972.386115144895,59187.09471513655,67519.5167699062,10,10
primary,bursty,gp_mean_mf_mpc,100,1,empirical,mean_response,11993.477884981237,11602.056226229615,10723.781799134138,13412.234437016796,10,10
primary,bursty,gp_mean_mf_mpc,100,1,empirical,p95_response,50934.645460274725,50111.25217553425,47255.735450956505,55103.95098436763,10,10
primary,bursty,gp_mean_mf_mpc,100,1,empirical,mean_resource_fraction,0.1171875,0.1171875,0.1171875,0.1171875,10,10
primary,bursty,gp_mean_mf_mpc,100,1,empirical,slo_violation_fraction,0.464021265774874,0.46707833611176086,0.4465525023854855,0.48072731904810156,10,10
primary,bursty,gp_mean_mf_mpc,100,1,empirical,overload_fraction,0.0173611111111111,0.0173611111111111,0.0173611111111111,0.0173611111111111,10,10
primary,bursty,gp_ucb_mf_mpc,100,1,empirical,mean_wait,11534.66430843165,10578.136968980538,9775.501979057804,13389.11982583886,10,10
primary,bursty,gp_ucb_mf_mpc,100,1,empirical,p95_wait,51358.99577082803,49573.78306224958,47524.960794207225,55867.41391493203,10,10
primary,bursty,gp_ucb_mf_mpc,100,1,empirical,p99_wait,67069.10244409053,67570.28147382103,63515.29142998266,70812.67770886916,10,10
primary,bursty,gp_ucb_mf_mpc,100,1,empirical,mean_response,11581.869182316626,10623.888816722743,9822.580336546582,13436.54917776898,10,10
primary,bursty,gp_ucb_mf_mpc,100,1,empirical,p95_response,51412.18019475243,49629.874777787634,47578.44693991224,55913.28188341707,10,10
primary,bursty,gp_ucb_mf_mpc,100,1,empirical,mean_resource_fraction,0.12371527777777772,0.1237152777777777,0.12371527777777772,0.12371527777777772,10,10
primary,bursty,gp_ucb_mf_mpc,100,1,empirical,slo_violation_fraction,0.44572765225487243,0.4512122895678134,0.4194856331020985,0.4684836834514931,10,10
primary,bursty,gp_ucb_mf_mpc,100,1,empirical,overload_fraction,0.0173611111111111,0.0173611111111111,0.0173611111111111,0.0173611111111111,10,10
primary,bursty,oracle_mf_mpc,100,1,empirical,mean_wait,19992.475245177826,19683.471198432162,18311.99359491871,21821.053684851206,10,10
primary,bursty,oracle_mf_mpc,100,1,empirical,p95_wait,64975.3842486738,67350.78244879964,60040.02550490367,69652.62141666819,10,10
primary,bursty,oracle_mf_mpc,100,1,empirical,p99_wait,74834.73409936515,77889.37817266588,68819.7990547968,80719.17129368165,10,10
primary,bursty,oracle_mf_mpc,100,1,empirical,mean_response,20039.680119062803,19730.557402118764,18359.07223539497,21869.578249080758,10,10
primary,bursty,oracle_mf_mpc,100,1,empirical,p95_response,65000.04600700323,67378.8068154729,60069.21354002651,69671.86801514817,10,10
primary,bursty,oracle_mf_mpc,100,1,empirical,mean_resource_fraction,0.0713541666666666,0.0713541666666666,0.0713541666666666,0.0713541666666666,10,10
primary,bursty,oracle_mf_mpc,100,1,empirical,slo_violation_fraction,0.5593370214326783,0.5597097705330517,0.556566162884882,0.5614008230963365,10,10
primary,bursty,oracle_mf_mpc,100,1,empirical,overload_fraction,0.0173611111111111,0.0173611111111111,0.0173611111111111,0.0173611111111111,10,10
primary,bursty,reactive,100,1,empirical,mean_wait,195830.7081556289,196189.46083442392,190846.47108153783,200883.21782117497,10,10
primary,bursty,reactive,100,1,empirical,p95_wait,540775.4205741538,541349.5296006906,522064.11216505733,559043.1078809183,10,10
primary,bursty,reactive,100,1,empirical,p99_wait,558254.5437718679,557550.9763161945,539633.0772776331,576561.26162726,10,10
primary,bursty,reactive,100,1,empirical,mean_response,195877.91302951385,196236.97099327156,190892.68546561516,200931.71104397438,10,10
primary,bursty,reactive,100,1,empirical,p95_response,540782.8489706637,541357.3947775714,522072.63872467313,559050.7910261848,10,10
primary,bursty,reactive,100,1,empirical,mean_resource_fraction,0.06180555555555549,0.0618055555555555,0.06180555555555549,0.06180555555555549,10,10
primary,bursty,reactive,100,1,empirical,slo_violation_fraction,0.5651093297578069,0.5653495409505072,0.5636765631025661,0.5664863666136916,10,10
primary,bursty,reactive,100,1,empirical,overload_fraction,0.0173611111111111,0.0173611111111111,0.0173611111111111,0.0173611111111111,10,10
primary,bursty,seasonal_mf_mpc,100,1,empirical,mean_wait,282405.8077043096,281981.1696685954,275023.8695767481,289933.8125820796,10,10
primary,bursty,seasonal_mf_mpc,100,1,empirical,p95_wait,720503.8819822181,725027.8785473573,698519.0666814232,739466.6490008776,10,10
primary,bursty,seasonal_mf_mpc,100,1,empirical,p99_wait,739261.5230408596,746243.3455884013,715382.0162634674,759735.4445462035,10,10
primary,bursty,seasonal_mf_mpc,100,1,empirical,mean_response,282453.0125781946,282028.12994913466,275070.07642549276,289982.02856295055,10,10
primary,bursty,seasonal_mf_mpc,100,1,empirical,p95_response,720511.1869850876,725031.8349848506,698528.935043066,739472.0474087344,10,10
primary,bursty,seasonal_mf_mpc,100,1,empirical,mean_resource_fraction,0.07743055555555549,0.0774305555555555,0.07743055555555549,0.07743055555555549,10,10
primary,bursty,seasonal_mf_mpc,100,1,empirical,slo_violation_fraction,0.5323559172889533,0.5320547567095301,0.530925406757289,0.5337154812645786,10,10
primary,bursty,seasonal_mf_mpc,100,1,empirical,overload_fraction,0.0173611111111111,0.0173611111111111,0.0173611111111111,0.0173611111111111,10,10
primary,bursty,static,100,1,empirical,mean_wait,305935.3094306949,305488.0724434136,298164.81407516723,313934.3295654171,10,10
primary,bursty,static,100,1,empirical,p95_wait,723219.891657402,728606.2571293493,700514.2936678776,742950.9620851286,10,10
primary,bursty,static,100,1,empirical,p99_wait,739261.5230408596,746243.3455884013,715382.0162634674,759735.4445462035,10,10
primary,bursty,static,100,1,empirical,mean_response,305982.5143045799,305535.0327239529,298210.9155591945,313982.6261402507,10,10
primary,bursty,static,100,1,empirical,p95_response,723225.7341783211,728611.3504457048,700519.0825240875,742956.222751999,10,10
primary,bursty,static,100,1,empirical,mean_resource_fraction,0.05,0.05,0.05,0.05,10,10
primary,bursty,static,100,1,empirical,slo_violation_fraction,0.5694934391276989,0.5694787541449277,0.568016449149711,0.5709148166750427,10,10
primary,bursty,static,100,1,empirical,overload_fraction,0.0173611111111111,0.0173611111111111,0.0173611111111111,0.0173611111111111,10,10
primary,diurnal,ewma_mf_mpc,100,1,empirical,mean_wait,11.826171696573729,11.861323827398522,11.577485509736405,12.054598816614737,10,10
primary,diurnal,ewma_mf_mpc,100,1,empirical,p95_wait,18.674540435494958,18.68633104121963,18.434431871610304,18.908536825583806,10,10
primary,diurnal,ewma_mf_mpc,100,1,empirical,p99_wait,250.63420616722289,252.12228431550713,240.8508413988341,259.32839022268536,10,10
primary,diurnal,ewma_mf_mpc,100,1,empirical,mean_response,19.109551201467468,19.140423974537928,18.858976667865342,19.34182097095885,10,10
primary,diurnal,ewma_mf_mpc,100,1,empirical,p95_response,29.38404860263036,29.412209174408343,29.08447051078878,29.682618145350357,10,10
primary,diurnal,ewma_mf_mpc,100,1,empirical,mean_resource_fraction,0.9117361111111112,0.9117361111111112,0.9117361111111112,0.9117361111111112,10,10
primary,diurnal,ewma_mf_mpc,100,1,empirical,slo_violation_fraction,0.50803,0.5081013888888889,0.5070849305555555,0.5089648819444443,10,10
primary,diurnal,ewma_mf_mpc,100,1,empirical,overload_fraction,0.006944444444444401,0.0069444444444444,0.006944444444444401,0.006944444444444401,10,10
primary,diurnal,gp_mean_mf_mpc,100,1,empirical,mean_wait,13.494577702113034,13.612107892129991,13.242561531522195,13.723796546347451,10,10
primary,diurnal,gp_mean_mf_mpc,100,1,empirical,p95_wait,22.87822856667686,22.88742119257909,22.69261351002406,23.057707964458185,10,10
primary,diurnal,gp_mean_mf_mpc,100,1,empirical,p99_wait,267.89007520902237,266.9803202596115,257.5851704037964,277.9598241732031,10,10
primary,diurnal,gp_mean_mf_mpc,100,1,empirical,mean_response,20.77795720700677,20.89151652482467,20.524300402170777,21.01177912910879,10,10
primary,diurnal,gp_mean_mf_mpc,100,1,empirical,p95_response,33.507321174101904,33.52374153369435,33.31135807220372,33.69885405386891,10,10
primary,diurnal,gp_mean_mf_mpc,100,1,empirical,mean_resource_fraction,0.9282291666666668,0.9282291666666668,0.9282291666666668,0.9282291666666668,10,10
primary,diurnal,gp_mean_mf_mpc,100,1,empirical,slo_violation_fraction,0.5730376388888889,0.57403125,0.5705065868055557,0.5752477743055554,10,10
primary,diurnal,gp_mean_mf_mpc,100,1,empirical,overload_fraction,0.006944444444444401,0.0069444444444444,0.006944444444444401,0.006944444444444401,10,10
primary,diurnal,gp_ucb_mf_mpc,100,1,empirical,mean_wait,13.494577702113034,13.612107892129991,13.242561531522195,13.723796546347451,10,10
primary,diurnal,gp_ucb_mf_mpc,100,1,empirical,p95_wait,22.87822856667686,22.88742119257909,22.69261351002406,23.057707964458185,10,10
primary,diurnal,gp_ucb_mf_mpc,100,1,empirical,p99_wait,267.89007520902237,266.9803202596115,257.5851704037964,277.9598241732031,10,10
primary,diurnal,gp_ucb_mf_mpc,100,1,empirical,mean_response,20.77795720700677,20.89151652482467,20.524300402170777,21.01177912910879,10,10
primary,diurnal,gp_ucb_mf_mpc,100,1,empirical,p95_response,33.507321174101904,33.52374153369435,33.31135807220372,33.69885405386891,10,10
primary,diurnal,gp_ucb_mf_mpc,100,1,empirical,mean_resource_fraction,0.9282291666666668,0.9282291666666668,0.9282291666666668,0.9282291666666668,10,10
primary,diurnal,gp_ucb_mf_mpc,100,1,empirical,slo_violation_fraction,0.5730376388888889,0.57403125,0.5705065868055557,0.5752477743055554,10,10
primary,diurnal,gp_ucb_mf_mpc,100,1,empirical,overload_fraction,0.006944444444444401,0.0069444444444444,0.006944444444444401,0.006944444444444401,10,10
primary,diurnal,oracle_mf_mpc,100,1,empirical,mean_wait,13.494577702113034,13.612107892129991,13.242561531522195,13.723796546347451,10,10
primary,diurnal,oracle_mf_mpc,100,1,empirical,p95_wait,22.87822856667686,22.88742119257909,22.69261351002406,23.057707964458185,10,10
primary,diurnal,oracle_mf_mpc,100,1,empirical,p99_wait,267.89007520902237,266.9803202596115,257.5851704037964,277.9598241732031,10,10
primary,diurnal,oracle_mf_mpc,100,1,empirical,mean_response,20.77795720700677,20.89151652482467,20.524300402170777,21.01177912910879,10,10
primary,diurnal,oracle_mf_mpc,100,1,empirical,p95_response,33.507321174101904,33.52374153369435,33.31135807220372,33.69885405386891,10,10
primary,diurnal,oracle_mf_mpc,100,1,empirical,mean_resource_fraction,0.9282291666666668,0.9282291666666668,0.9282291666666668,0.9282291666666668,10,10
primary,diurnal,oracle_mf_mpc,100,1,empirical,slo_violation_fraction,0.5730376388888889,0.57403125,0.5705065868055557,0.5752477743055554,10,10
primary,diurnal,oracle_mf_mpc,100,1,empirical,overload_fraction,0.006944444444444401,0.0069444444444444,0.006944444444444401,0.006944444444444401,10,10
primary,diurnal,reactive,100,1,empirical,mean_wait,14.388986041161113,14.510347637251195,14.05238013509656,14.69313308962959,10,10
primary,diurnal,reactive,100,1,empirical,p95_wait,20.31829308565025,20.324545277990723,20.16570582975879,20.47494134364586,10,10
primary,diurnal,reactive,100,1,empirical,p99_wait,381.4582833012287,382.59402345191563,370.47942227714003,392.360043733034,10,10
primary,diurnal,reactive,100,1,empirical,mean_response,21.672365546054856,21.781814160804277,21.335013750278616,21.980369296004902,10,10
primary,diurnal,reactive,100,1,empirical,p95_response,31.385982444928544,31.403653988995018,31.224156097200108,31.55421867365179,10,10
primary,diurnal,reactive,100,1,empirical,mean_resource_fraction,0.9263888888888887,0.9263888888888888,0.9263888888888887,0.9263888888888887,10,10
primary,diurnal,reactive,100,1,empirical,slo_violation_fraction,0.48927361111111106,0.4891965277777778,0.4882462326388889,0.49024282291666665,10,10
primary,diurnal,reactive,100,1,empirical,overload_fraction,0.0173611111111111,0.0173611111111111,0.0173611111111111,0.0173611111111111,10,10
primary,diurnal,seasonal_mf_mpc,100,1,empirical,mean_wait,13.494577702113034,13.612107892129991,13.242561531522195,13.723796546347451,10,10
primary,diurnal,seasonal_mf_mpc,100,1,empirical,p95_wait,22.87822856667686,22.88742119257909,22.69261351002406,23.057707964458185,10,10
primary,diurnal,seasonal_mf_mpc,100,1,empirical,p99_wait,267.89007520902237,266.9803202596115,257.5851704037964,277.9598241732031,10,10
primary,diurnal,seasonal_mf_mpc,100,1,empirical,mean_response,20.77795720700677,20.89151652482467,20.524300402170777,21.01177912910879,10,10
primary,diurnal,seasonal_mf_mpc,100,1,empirical,p95_response,33.507321174101904,33.52374153369435,33.31135807220372,33.69885405386891,10,10
primary,diurnal,seasonal_mf_mpc,100,1,empirical,mean_resource_fraction,0.9282291666666668,0.9282291666666668,0.9282291666666668,0.9282291666666668,10,10
primary,diurnal,seasonal_mf_mpc,100,1,empirical,slo_violation_fraction,0.5730376388888889,0.57403125,0.5705065868055557,0.5752477743055554,10,10
primary,diurnal,seasonal_mf_mpc,100,1,empirical,overload_fraction,0.006944444444444401,0.0069444444444444,0.006944444444444401,0.006944444444444401,10,10
primary,diurnal,static,100,1,empirical,mean_wait,3.263624746751655,3.262273852445972,3.238925843665557,3.2887496094898574,10,10
primary,diurnal,static,100,1,empirical,p95_wait,10.8372504015732,10.839869127261629,10.793029345080326,10.878478531586289,10,10
primary,diurnal,static,100,1,empirical,p99_wait,21.97364992795699,21.953861057516313,21.848641522422074,22.10150303931957,10,10
primary,diurnal,static,100,1,empirical,mean_response,10.547004251645395,10.54281297422954,10.515672034946203,10.578814548084743,10,10
primary,diurnal,static,100,1,empirical,p95_response,21.217946182561693,21.23222424887744,21.16630440767922,21.26870344234069,10,10
primary,diurnal,static,100,1,empirical,mean_resource_fraction,1.0,1.0,1.0,1.0,10,10
primary,diurnal,static,100,1,empirical,slo_violation_fraction,0.3861470833333333,0.38660416666666664,0.38538411111111115,0.386801,10,10
primary,diurnal,static,100,1,empirical,overload_fraction,0.0,0.0,0.0,0.0,10,10
primary,high_volume,ewma_mf_mpc,100,1,empirical,mean_wait,3854.8589842608562,3846.365613014007,3236.3492290770464,4511.9833093239,10,10
primary,high_volume,ewma_mf_mpc,100,1,empirical,p95_wait,16467.65056604537,15976.002759996181,14207.36084931019,18942.892214299696,10,10
primary,high_volume,ewma_mf_mpc,100,1,empirical,p99_wait,23695.4077451049,23049.831487872412,21270.245362438643,26213.19860108092,10,10
primary,high_volume,ewma_mf_mpc,100,1,empirical,mean_response,3858.461121863786,3850.0054141440023,3239.919056164302,4515.621061451773,10,10
primary,high_volume,ewma_mf_mpc,100,1,empirical,p95_response,16470.140358454002,15978.204364047358,14210.146049609715,18945.48455636662,10,10
primary,high_volume,ewma_mf_mpc,100,1,empirical,mean_resource_fraction,0.2735416666666667,0.2735416666666667,0.2735416666666667,0.2735416666666667,10,10
primary,high_volume,ewma_mf_mpc,100,1,empirical,slo_violation_fraction,0.701786388888889,0.7078423611111111,0.6699971805555556,0.7326971319444444,10,10
primary,high_volume,ewma_mf_mpc,100,1,empirical,overload_fraction,0.1736111111111111,0.1736111111111111,0.1736111111111111,0.1736111111111111,10,10
primary,high_volume,gp_mean_mf_mpc,100,1,empirical,mean_wait,7036.685882532879,7070.528283990156,6841.97734865366,7224.746713475385,10,10
primary,high_volume,gp_mean_mf_mpc,100,1,empirical,p95_wait,31160.181556114996,30817.900827045385,29929.317974302958,32590.86983870276,10,10
primary,high_volume,gp_mean_mf_mpc,100,1,empirical,p99_wait,41981.20454048716,41772.853217649485,40092.20018559266,43962.01406065427,10,10
primary,high_volume,gp_mean_mf_mpc,100,1,empirical,mean_response,7040.288020135808,7074.135968755547,6845.5235817327575,7228.394867320063,10,10
primary,high_volume,gp_mean_mf_mpc,100,1,empirical,p95_response,31163.666782472348,30821.178769974933,29932.65789859904,32594.213914936925,10,10
primary,high_volume,gp_mean_mf_mpc,100,1,empirical,mean_resource_fraction,0.3834722222222222,0.3834722222222222,0.3834722222222222,0.3834722222222222,10,10
primary,high_volume,gp_mean_mf_mpc,100,1,empirical,slo_violation_fraction,0.5770112500000001,0.5769034722222222,0.5750558993055555,0.5789625069444445,10,10
primary,high_volume,gp_mean_mf_mpc,100,1,empirical,overload_fraction,0.2361111111111111,0.2361111111111111,0.2361111111111111,0.2361111111111111,10,10
primary,high_volume,gp_ucb_mf_mpc,100,1,empirical,mean_wait,354.6379552536746,355.38152500642934,335.65373803633173,374.848132148653,10,10
primary,high_volume,gp_ucb_mf_mpc,100,1,empirical,p95_wait,2036.8632613047623,1993.3203760760812,1902.8202335303797,2183.0208563718597,10,10
primary,high_volume,gp_ucb_mf_mpc,100,1,empirical,p99_wait,6287.255949954076,6367.1572995635015,5940.615061777518,6624.745288070889,10,10
primary,high_volume,gp_ucb_mf_mpc,100,1,empirical,mean_response,358.2400928566045,359.02132613642414,339.1992225397839,378.4965882728645,10,10
primary,high_volume,gp_ucb_mf_mpc,100,1,empirical,p95_response,2053.9723172806002,2009.5239096711682,1919.5126972846256,2200.5987990528083,10,10
primary,high_volume,gp_ucb_mf_mpc,100,1,empirical,mean_resource_fraction,0.7580208333333333,0.7580208333333333,0.7580208333333333,0.7580208333333333,10,10
primary,high_volume,gp_ucb_mf_mpc,100,1,empirical,slo_violation_fraction,0.28153291666666663,0.2808062499999999,0.27877554861111103,0.28421859027777774,10,10
primary,high_volume,gp_ucb_mf_mpc,100,1,empirical,overload_fraction,0.1458333333333333,0.1458333333333333,0.1458333333333333,0.1458333333333333,10,10
primary,high_volume,oracle_mf_mpc,100,1,empirical,mean_wait,395.29677929633834,394.23051953406525,357.83756856881877,434.5381228050947,10,10
primary,high_volume,oracle_mf_mpc,100,1,empirical,p95_wait,2190.1042799897536,2016.9955612533772,1898.8849600691024,2541.7347650823544,10,10
primary,high_volume,oracle_mf_mpc,100,1,empirical,p99_wait,5970.838516144316,5707.763949276463,5298.777950882074,6624.043635660424,10,10
primary,high_volume,oracle_mf_mpc,100,1,empirical,mean_response,398.8989168992683,397.8808408351422,361.45833850886856,438.14698737325637,10,10
primary,high_volume,oracle_mf_mpc,100,1,empirical,p95_response,2198.2358878522796,2026.936689108149,1906.3120926325319,2549.4143270153622,10,10
primary,high_volume,oracle_mf_mpc,100,1,empirical,mean_resource_fraction,0.2814930555555556,0.2814930555555556,0.2814930555555556,0.2814930555555556,10,10
primary,high_volume,oracle_mf_mpc,100,1,empirical,slo_violation_fraction,0.37468972222222224,0.37273819444444445,0.36655331944444447,0.38343751388888886,10,10
primary,high_volume,oracle_mf_mpc,100,1,empirical,overload_fraction,0.18055555555555552,0.1805555555555555,0.18055555555555552,0.18055555555555552,10,10
primary,high_volume,reactive,100,1,empirical,mean_wait,10248.845211090174,9269.287380925482,8995.02409016056,11773.657967782681,10,10
primary,high_volume,reactive,100,1,empirical,p95_wait,38744.481285041984,35884.02146136237,32715.04610445897,45500.64965007963,10,10
primary,high_volume,reactive,100,1,empirical,p99_wait,48160.02390708153,44221.188410002505,41209.36599856477,56495.74527871383,10,10
primary,high_volume,reactive,100,1,empirical,mean_response,10252.447348693106,9272.836472090836,8998.58525168764,11777.275572336985,10,10
primary,high_volume,reactive,100,1,empirical,p95_response,38745.60853988279,35884.85063206173,32716.345479516418,45501.74202536603,10,10
primary,high_volume,reactive,100,1,empirical,mean_resource_fraction,0.27336805555555543,0.2733680555555555,0.27336805555555543,0.27336805555555543,10,10
primary,high_volume,reactive,100,1,empirical,slo_violation_fraction,0.8141943055555554,0.8112055555555555,0.8028416666666667,0.8266442465277776,10,10
primary,high_volume,reactive,100,1,empirical,overload_fraction,0.1736111111111111,0.1736111111111111,0.1736111111111111,0.1736111111111111,10,10
primary,high_volume,seasonal_mf_mpc,100,1,empirical,mean_wait,135758.56185741647,136564.96169552873,132068.94881695928,139352.9523063501,10,10
primary,high_volume,seasonal_mf_mpc,100,1,empirical,p95_wait,306897.0043047129,306554.8735847634,298592.59772744647,315290.5422314566,10,10
primary,high_volume,seasonal_mf_mpc,100,1,empirical,p99_wait,318482.0532900858,318941.58393377083,309076.857579707,328047.30547797715,10,10
primary,high_volume,seasonal_mf_mpc,100,1,empirical,mean_response,135762.1639950194,136568.531778633,132072.49252966695,139356.6192501649,10,10
primary,high_volume,seasonal_mf_mpc,100,1,empirical,p95_response,306898.16666806984,306555.5027489326,298593.8993548237,315292.01342783845,10,10
primary,high_volume,seasonal_mf_mpc,100,1,empirical,mean_resource_fraction,0.29243055555555564,0.2924305555555556,0.29243055555555564,0.29243055555555564,10,10
primary,high_volume,seasonal_mf_mpc,100,1,empirical,slo_violation_fraction,0.7408343055555556,0.740582638888889,0.7397623402777779,0.7421291736111112,10,10
primary,high_volume,seasonal_mf_mpc,100,1,empirical,overload_fraction,0.2430555555555555,0.2430555555555555,0.2430555555555555,0.2430555555555555,10,10
primary,high_volume,static,100,1,empirical,mean_wait,135.97993544424412,137.90252851200498,124.78453251091493,146.82572364139062,10,10
primary,high_volume,static,100,1,empirical,p95_wait,602.4723309601353,618.2376453503931,560.1791065308032,640.7726197641683,10,10
primary,high_volume,static,100,1,empirical,p99_wait,2802.067705646008,2689.1357371698796,2461.532534881822,3148.142594778359,10,10
primary,high_volume,static,100,1,empirical,mean_response,139.58207304717402,141.54691796596384,128.35086278492898,150.48097729343044,10,10
primary,high_volume,static,100,1,empirical,p95_response,615.093687530895,631.1578132564895,572.7327291987131,653.5812638683988,10,10
primary,high_volume,static,100,1,empirical,mean_resource_fraction,1.0,1.0,1.0,1.0,10,10
primary,high_volume,static,100,1,empirical,slo_violation_fraction,0.2448711111111111,0.24529236111111105,0.24192207638888888,0.2475449548611111,10,10
primary,high_volume,static,100,1,empirical,overload_fraction,0.1215277777777777,0.1215277777777777,0.1215277777777777,0.1215277777777777,10,10
