profile,n,rho,d,seed,l1_tail_error,max_tail_error,jobs_per_server_error
paper,25,0.5,1,1729,0.034079999999090546,0.009500000000000008,0.01919333333424289
paper,25,0.5,1,1730,0.029737473957423766,0.0072666666666666435,0.029520000000909485
paper,25,0.5,1,1731,0.024886666665757135,0.005326666666666646,0.024886666665757118
paper,25,0.5,1,1732,0.011066455077215511,0.00326666666666664,0.010666666667576319
paper,25,0.5,1,1733,0.009443644204819654,0.0033199999999999896,0.007586666667576125
paper,25,0.5,1,1734,0.032900455728257165,0.008139999999999994,0.032773333332423826
paper,25,0.5,1,1735,0.0037867578115904875,0.0013733333333333375,0.002519999999090583
paper,25,0.5,1,1736,0.02465656249909058,0.004853333333333376,0.02450666666757617
paper,25,0.5,1,1737,0.029572070311590502,0.006766666666666671,0.017393333332423766
paper,25,0.5,1,1738,0.018026666665757175,0.005933333333333346,0.006666666667576093
paper,25,0.5,2,1729,0.01874364955420297,0.009133333333333299,0.01874364862288047
paper,25,0.5,2,1730,0.01769698288753621,0.008679999999999966,0.01769698195621372
paper,25,0.5,2,1731,0.009570316220869672,0.005866666666666687,0.008176351377119695
paper,25,0.5,2,1732,0.008896982887536237,0.0040799999999999725,0.00889698195621369
paper,25,0.5,2,1733,0.013490316220869648,0.006886666666666652,0.013490315289547139
paper,25,0.5,2,1734,0.007103649554202977,0.004346666666666665,0.0032963513771195885
paper,25,0.5,2,1735,0.0020636495542029343,0.0009341666666666647,0.0010103152895470924
paper,25,0.5,2,1736,0.011436982887536291,0.0043600000000000305,0.011436981956213677
paper,25,0.5,2,1737,0.006218018043786293,0.004733333333333312,0.003669684710452925
paper,25,0.5,2,1738,0.015323649554202966,0.006366666666666632,0.015323648622880381
paper,25,0.7,1,1729,0.033637379998069976,0.006013333333333426,0.02024000000193027
paper,25,0.7,1,1730,0.09900474908049373,0.011926666666666724,0.09870000000193002
paper,25,0.7,1,1731,0.05071333333140251,0.004626940333333315,0.05071333333140293
paper,25,0.7,1,1732,0.029537208207273954,0.0030933333333333923,0.028833333335263944
paper,25,0.7,1,1733,0.05337528704447079,0.009486666666666754,0.04868666666859678
paper,25,0.7,1,1734,0.09027167479661813,0.015159999999999896,0.08009999999806983
paper,25,0.7,1,1735,0.06383030575862544,0.005800000000000083,0.06237333333526385
paper,25,0.7,1,1736,0.0540060069360701,0.008076666666666732,0.036813333335263376
paper,25,0.7,1,1737,0.0461265685636636,0.005259999999999931,0.045193333331403185
paper,25,0.7,1,1738,0.02340432964622059,0.0029756666666666265,0.004293333331403026
paper,25,0.7,2,1729,0.025409027792771877,0.0104123666666667,0.02540902744426865
paper,25,0.7,2,1730,0.037122361126105195,0.012852366666666698,0.03712236077760189
paper,25,0.7,2,1731,0.014855694459438257,0.008592366666666698,0.010962360777602154
paper,25,0.7,2,1732,0.02172236112610518,0.009799033333333373,0.021722360777602034
paper,25,0.7,2,1733,0.0343956944594385,0.013512366666666706,0.03439569411093557
paper,25,0.7,2,1734,0.028230961126104796,0.015006666666666557,0.02511763922239796
paper,25,0.7,2,1735,0.02460236112610515,0.00958570000000003,0.024602360777602028
paper,25,0.7,2,1736,0.0177423611261051,0.009032366666666708,0.017289027444268745
paper,25,0.7,2,1737,0.017502361126104902,0.006405700000000042,0.0030623607776019135
paper,25,0.7,2,1738,0.024289027792771863,0.012072366666666709,0.02428902744426864
paper,25,0.9,1,1729,0.22330406294501612,0.010152333333333319,0.07192666665835112
paper,25,0.9,1,1730,0.45461785846725195,0.02724822656666659,0.34577333334164884
paper,25,0.9,1,1731,0.27931546865835005,0.008481429969402758,0.261539999991685
paper,25,0.9,1,1732,0.7664641999916835,0.030335352218517492,0.6714799999916838
paper,25,0.9,1,1733,0.29931133332501697,0.009607924549610097,0.275239999991685
paper,25,0.9,1,1734,0.6723921452758584,0.03483382233333343,0.6434733333250193
paper,25,0.9,1,1735,0.7226423322316091,0.01748387201937552,0.7101666666749811
paper,25,0.9,1,1736,0.7306715749560357,0.021249766666666614,0.7211533333416487
paper,25,0.9,1,1737,0.7113462646002054,0.03885726275666673,0.5937933333250189
paper,25,0.9,1,1738,0.5803216555589773,0.0208755345720176,0.5768933333416495
paper,25,0.9,2,1729,0.12801502707517837,0.04290886790535092,0.12801502707517853
paper,25,0.9,2,1730,0.19451502707517843,0.0588955345720176,0.19451502707517854
paper,25,0.9,2,1731,0.1603083604085118,0.0517879575523054,0.16030836040851204
paper,25,0.9,2,1732,0.13519502707947245,0.04486886790535091,0.1351950270751785
paper,25,0.9,2,1733,0.10694169374184503,0.03898220123868426,0.10667502707517906
paper,25,0.9,2,1734,0.09400882707517881,0.027807957552305397,0.008441693741845668
paper,25,0.9,2,1735,0.21650836040851185,0.06625553457201758,0.21650836040851207
paper,25,0.9,2,1736,0.13702169374184509,0.04608886790535091,0.13702169374184558
paper,25,0.9,2,1737,0.08472882707517879,0.02882129088563872,0.024588360408511534
paper,25,0.9,2,1738,0.11656169374184527,0.04654129088563872,0.11620169374184552
paper,50,0.5,1,1729,0.016244179686590556,0.004066666666666663,0.01591333333424294
paper,50,0.5,1,1730,0.017342499999090488,0.00436666666666663,0.016143333334242893
paper,50,0.5,1,1731,0.006636236978257147,0.00217666666666666,0.003333333334242683
paper,50,0.5,1,1732,0.009979999999090439,0.0023366666666666536,0.008773333332423805
paper,50,0.5,1,1733,0.009889791665757142,0.0026133333333333286,0.009530000000909533
paper,50,0.5,1,1734,0.014886562499090528,0.0037233333333333563,0.004023333334242762
paper,50,0.5,1,1735,0.010758902993882165,0.0033533333333333193,0.0006766666675761535
paper,50,0.5,1,1736,0.00787291666575715,0.0019966666666666466,0.0072933333342426465
paper,50,0.5,1,1737,0.008208736978257185,0.002973333333333328,0.006669999999090459
paper,50,0.5,1,1738,0.0044239906810566755,0.00134999999999999,0.0018433333324238133
paper,50,0.5,2,1729,0.004390316220869545,0.0021799999999999597,0.004390315289547031
paper,50,0.5,2,1730,0.011176982887536222,0.004989999999999967,0.01117698195621375
paper,50,0.5,2,1731,0.007013649554202917,0.003183333333333316,0.007013648622880342
paper,50,0.5,2,1732,0.003970316220869566,0.002163333333333295,0.003970315289546944
paper,50,0.5,2,1733,0.002333649554202953,0.0012433333333333185,0.0023336486228804354
paper,50,0.5,2,1734,0.005653649554202974,0.0032266666666666555,0.00476635137711956
paper,50,0.5,2,1735,0.008263649554202945,0.0036033333333332918,0.008263648622880426
paper,50,0.5,2,1736,0.007373649554202887,0.003533333333333305,0.007373648622880258
paper,50,0.5,2,1737,0.0033469828875362494,0.00216666666666665,0.0009863513771195542
paper,50,0.5,2,1738,0.001733649554202951,0.0016141666666666648,0.0015603152895470318
paper,50,0.7,1,1729,0.05997609065080647,0.006753333333333389,0.05489333333526414
paper,50,0.7,1,1730,0.026695538541089265,0.003594299999999967,0.026659999998069672
paper,50,0.7,1,1731,0.031138449531403392,0.005096666666666749,0.017276666668597063
paper,50,0.7,1,1732,0.017931669664253618,0.002872366666666709,0.00755666666859689
paper,50,0.7,1,1733,0.04600162707896135,0.005710000000000048,0.044993333335263674
paper,50,0.7,1,1734,0.03832342960000729,0.0047566666666666035,0.014216666664736533
paper,50,0.7,1,1735,0.0831818502527601,0.010543333333333405,0.08309666666859705
paper,50,0.7,1,1736,0.028919087942592472,0.00390000000000007,0.025596666668596946
paper,50,0.7,1,1737,0.034018797737845156,0.006626666666666559,0.028626666664736344
paper,50,0.7,1,1738,0.02426707673102329,0.0028933333333333033,0.01088333333526359
paper,50,0.7,2,1729,0.023062361126105217,0.008856666666666735,0.023062360777602153
paper,50,0.7,2,1730,0.00924569445943834,0.004075700000000043,0.002992360777601899
paper,50,0.7,2,1731,0.018792361126105193,0.007992366666666709,0.018792360777602157
paper,50,0.7,2,1732,0.010164294459438212,0.00645999999999991,0.0086043058890648
paper,50,0.7,2,1733,0.012439027792771893,0.006242366666666707,0.012439027444268724
paper,50,0.7,2,1734,0.008225694459438321,0.0029733333333332723,0.001580972555731197
paper,50,0.7,2,1735,0.02817236112610516,0.010039033333333364,0.02817236077760188
paper,50,0.7,2,1736,0.015952361126105246,0.006725700000000043,0.015952360777602204
paper,50,0.7,2,1737,0.01340569445943832,0.005829033333333372,0.003632360777601873
paper,50,0.7,2,1738,0.00985902744426858,0.0030766666666666165,0.0023676392223979104
paper,50,0.9,1,1729,1.2202916555589773,0.034319403909999935,1.216570000008316
paper,50,0.9,1,1730,0.47650823351696064,0.016291314448149186,0.4476233333416477
paper,50,0.9,1,1731,0.36568316596208444,0.014423756885027852,0.1751266666583522
paper,50,0.9,1,1732,0.2468203691471573,0.011908226566666569,0.22778666667498193
paper,50,0.9,1,1733,0.5754886329924602,0.016379576448305483,0.5711066666749804
paper,50,0.9,1,1734,0.18783644665835028,0.00579130196366584,0.17087333332501942
paper,50,0.9,1,1735,0.5190735622120004,0.024019510999999882,0.497000000008315
paper,50,0.9,1,1736,0.507933586633626,0.01398462421897205,0.507390000008316
paper,50,0.9,1,1737,0.522337774827206,0.013820201230814705,0.3551433333416494
paper,50,0.9,1,1738,0.5959933333250176,0.017733929423333405,0.5959933333250174
paper,50,0.9,2,1729,0.09767502707947243,0.029215534572017587,0.09767502707517872
paper,50,0.9,2,1730,0.05165882707517877,0.019444624218972056,0.03265169374184529
paper,50,0.9,2,1731,0.073291693741845,0.024752201238684268,0.07329169374184552
paper,50,0.9,2,1732,0.04335169374613908,0.016758867905350916,0.04118502707517857
paper,50,0.9,2,1733,0.06194169374613907,0.021275534572017585,0.06194169374184533
paper,50,0.9,2,1734,0.07870836040851163,0.0275355345720176,0.0787083604085117
paper,50,0.9,2,1735,0.14584169374184516,0.043885534572017604,0.1458416937418452
paper,50,0.9,2,1736,0.062428360412805875,0.024764624218972055,0.06217502707517886
paper,50,0.9,2,1737,0.0466954937461395,0.014521290885638728,0.0010550270751785717
paper,50,0.9,2,1738,0.04604549374613952,0.013521290885638727,0.0019749729248212944
paper,100,0.5,1,1729,0.008121666665757138,0.0027650000000000174,0.004440000000909494
paper,100,0.5,1,1730,0.007328017577215528,0.0017500000000000016,0.006409999999090532
paper,100,0.5,1,1731,0.006488488768621806,0.001355000000000002,0.003831666665757183
paper,100,0.5,1,1732,0.00605179606028841,0.002228333333333332,0.004726666665757273
paper,100,0.5,1,1733,0.009646785875046656,0.001943333333333297,0.00723333333424292
paper,100,0.5,1,1734,0.01037520507721552,0.0018500000000000044,0.010228333334242778
paper,100,0.5,1,1735,0.01175696288971548,0.003909999999999969,0.011601666667576227
paper,100,0.5,1,1736,0.005741458332423897,0.0013983333333333348,0.005008333334242998
paper,100,0.5,1,1737,0.012764973957423835,0.002835000000000004,0.012193333332423784
paper,100,0.5,1,1738,0.023136666665757203,0.004838333333333333,0.0231366666657572
paper,100,0.5,2,1729,0.004358649554202915,0.0021083333333332954,0.004358648622880268
paper,100,0.5,2,1730,0.0011246847104529982,0.00040333333333336663,0.0004663513771195893
paper,100,0.5,2,1731,0.0035919828875362173,0.0014816666666666312,0.0035919819562136857
paper,100,0.5,2,1732,0.0016803162208695903,0.0010849999999999749,0.0014103152895470483
paper,100,0.5,2,1733,0.0048863513771196,0.0021699999999999775,0.004868648622880389
paper,100,0.5,2,1734,0.004886351377119584,0.002586666666666626,0.004881981956213588
paper,100,0.5,2,1735,0.00792364955420294,0.003510000000000013,0.00792364862288042
paper,100,0.5,2,1736,0.002056982887536305,0.0014383333333333193,0.0020569819562137326
paper,100,0.5,2,1737,0.005600316220869647,0.00275000000000003,0.0055713513771196155
paper,100,0.5,2,1738,0.004901982887536281,0.0030716666666666392,0.004671351377119604
paper,100,0.7,1,1729,0.03856154736379218,0.0040410000000000446,0.03742166666859692
paper,100,0.7,1,1730,0.019249999998069346,0.002522333333333293,0.018776666664736208
paper,100,0.7,1,1731,0.016203295176352606,0.002430379465666677,0.01492500000193031
paper,100,0.7,1,1732,0.012960784432891264,0.002158333333333262,0.002373333335263794
paper,100,0.7,1,1733,0.06658904671076632,0.005388333333333384,0.0665883333352637
paper,100,0.7,1,1734,0.02102926192451985,0.004145000000000065,0.018055000001930388
paper,100,0.7,1,1735,0.039713587910887825,0.00390000000000007,0.03968833333526378
paper,100,0.7,1,1736,0.05896100693607011,0.006910000000000083,0.04868833333526368
paper,100,0.7,1,1737,0.02641195371113751,0.004148333333333393,0.02395666666859686
paper,100,0.7,1,1738,0.025201161048456915,0.00371999999999989,0.019699999998069817
paper,100,0.7,2,1729,0.006782361126105178,0.0025366666666667426,0.006782360777602081
paper,100,0.7,2,1730,0.0025806944594383907,0.0013423666666667056,0.0011506941109356017
paper,100,0.7,2,1731,0.0066190277927718755,0.002722366666666698,0.006619027444268788
paper,100,0.7,2,1732,0.003479027792771884,0.0017573666666667043,0.0034790274442686453
paper,100,0.7,2,1733,0.019970694459438512,0.007721666666666738,0.01997069411093544
paper,100,0.7,2,1734,0.011465694459438546,0.00446070000000004,0.011465694110935676
paper,100,0.7,2,1735,0.016112361126105208,0.006453333333333422,0.01611236077760192
paper,100,0.7,2,1736,0.01643569445943853,0.006205000000000072,0.016435694110935373
paper,100,0.7,2,1737,0.004779027792771854,0.002192366666666709,0.004779027444268946
paper,100,0.7,2,1738,0.008504182869178475,0.004358333333333242,0.007839305889064674
paper,100,0.9,1,1729,0.1670981251299683,0.004406433333333237,0.15004333334164777
paper,100,0.9,1,1730,0.24793448498301554,0.009426494899367394,0.23980166667498182
paper,100,0.9,1,1731,0.1994046213617598,0.009603742117056585,0.10375666667498251
paper,100,0.9,1,1732,0.13509776765699533,0.004561010868487578,0.028713333341647385
paper,100,0.9,1,1733,0.391894226270836,0.017456433333333243,0.2884416666749825
paper,100,0.9,1,1734,0.31662633332501694,0.011313505100632615,0.29367833332501725
paper,100,0.9,1,1735,0.27449718480736196,0.009248999999999952,0.26832500000831594
paper,100,0.9,1,1736,0.5264320358138236,0.022984456666666542,0.5113116666749828
paper,100,0.9,1,1737,0.4827335622120006,0.02074508383376661,0.4583533333416483
paper,100,0.9,1,1738,0.2900955376416881,0.0071897370030400976,0.1054949999916861
paper,100,0.9,2,1729,0.02912836041280586,0.008812201238684259,0.029128360408511966
paper,100,0.9,2,1730,0.043163360412805746,0.015497201238684255,0.043163360408511764
paper,100,0.9,2,1731,0.029790027079472432,0.011532957552305392,0.02979002707517875
paper,100,0.9,2,1732,0.026886693746139154,0.01118462421897206,0.02688669374184549
paper,100,0.9,2,1733,0.06281002707947253,0.019033867905350943,0.0628100270751788
paper,100,0.9,2,1734,0.05395169374613916,0.01871220123868425,0.053951693741845386
paper,100,0.9,2,1735,0.03155002707947248,0.012378867905350921,0.03155002707517873
paper,100,0.9,2,1736,0.12158169374613904,0.03787386790535094,0.12158169374184524
paper,100,0.9,2,1737,0.036415027079472376,0.013046290885638724,0.03641502707517841
paper,100,0.9,2,1738,0.017585493746139557,0.005767957552305393,0.0011916937418452456
paper,200,0.5,1,1729,0.004332903644923894,0.0013083333333333558,0.004289166667576172
paper,200,0.5,1,1730,0.0034143749990904904,0.001386666666666675,0.0033383333324238373
paper,200,0.5,1,1731,0.0020366951488301516,0.0008525000000000338,0.0016883333342430085
paper,200,0.5,1,1732,0.002869999999090533,0.00042458333333333324,0.0005733333324238199
paper,200,0.5,1,1733,0.005363333332423842,0.0018183333333333107,0.004553333334242904
paper,200,0.5,1,1734,0.0030544254548196684,0.0007933333333333265,0.0030441666675762313
paper,200,0.5,1,1735,0.009089166665757174,0.0014758333333333429,0.009089166665757209
paper,200,0.5,1,1736,0.014537620340073616,0.004164166666666691,0.014536666667576137
paper,200,0.5,1,1737,0.0019447916657571568,0.00039833333333333387,0.00023000000090944717
paper,200,0.5,1,1738,0.004794999999090532,0.0006708333333333427,0.004794999999090499
paper,200,0.5,2,1729,0.000918851377119552,0.00045083333333328923,0.0009094819562135426
paper,200,0.5,2,1730,0.0004919828875362889,0.00035000000000001696,0.0002080180437862289
paper,200,0.5,2,1731,0.0014153162208695896,0.0008733333333332816,0.0005736486228803406
paper,200,0.5,2,1732,0.0027203162208695474,0.0018341666666666367,0.0027203152895470817
paper,200,0.5,2,1733,0.003152816220869659,0.0014658333333333884,0.0031528152895471395
paper,200,0.5,2,1734,0.0008461495542028917,0.0006208333333332927,0.0006994819562137211
paper,200,0.5,2,1735,0.0017146847104529826,0.00099333333333336,0.001714684710452996
paper,200,0.5,2,1736,0.004659482887536228,0.002806666666666624,0.004659481956213685
paper,200,0.5,2,1737,0.0016628162208695827,0.0006841666666666524,0.0016628152895471482
paper,200,0.5,2,1738,0.000380316220869595,0.00023083333333334677,8.135137711950957e-05
paper,200,0.7,1,1729,0.030144999998069234,0.004090833333333294,0.030144999998069633
paper,200,0.7,1,1730,0.00700499999806969,0.0007706666666666279,0.0028299999980698765
paper,200,0.7,1,1731,0.009534038188003479,0.0014400000000000523,0.005985833335263813
paper,200,0.7,1,1732,0.017429611020929596,0.0015154538676666572,0.0150183333314029
paper,200,0.7,1,1733,0.030593332020580056,0.0038041666666667195,0.030249166668597116
paper,200,0.7,1,1734,0.009937414289479717,0.0014541666666667563,0.0006375000019298582
paper,200,0.7,1,1735,0.014890979400007262,0.002207499999999918,0.008412499998069478
paper,200,0.7,1,1736,0.0550685169194267,0.0060591666666667265,0.054991666668597006
paper,200,0.7,1,1737,0.009680499866146417,0.0007936069999999809,0.008496666664736363
paper,200,0.7,1,1738,0.014562883054287011,0.002200833333333263,0.012594166664736672
paper,200,0.7,2,1729,0.0037481944594382594,0.0018083333333332452,0.00344847255573133
paper,200,0.7,2,1730,0.004713082869178885,0.0017283333333334427,0.004701527444268994
paper,200,0.7,2,1731,0.00507319445943852,0.002249866666666697,0.0050731941109352086
paper,200,0.7,2,1732,0.004232361126105168,0.001544033333333375,0.004232360777602251
paper,200,0.7,2,1733,0.0057365277927718195,0.0018008333333333626,0.005736527444268669
paper,200,0.7,2,1734,0.002226527792771632,0.0008758333333332424,0.00047486077760194867
paper,200,0.7,2,1735,0.004065694459438221,0.001724999999999921,0.002137639222397958
paper,200,0.7,2,1736,0.012501527792771827,0.005220000000000058,0.0125015274442688
paper,200,0.7,2,1737,0.001262361126104985,0.0005382718233903384,0.0005556941109357005
paper,200,0.7,2,1738,0.00281819445943826,0.0011008333333332732,0.0007184725557314309
paper,200,0.9,1,1729,0.4374944711464339,0.02276786981433343,0.4313016666583511
paper,200,0.9,1,1730,0.10805328851362134,0.0028260725500465875,0.07138250000831547
paper,200,0.9,1,1731,0.14918176567428282,0.003578827722297291,0.14186333334164836
paper,200,0.9,1,1732,0.3271145049288009,0.009981903909999923,0.30203333334164917
paper,200,0.9,1,1733,0.22815593234094975,0.010007130185666568,0.21903083334164997
paper,200,0.9,1,1734,0.12641349399535856,0.004111376666666777,0.034586666674981004
paper,200,0.9,1,1735,0.12199328733534386,0.006065344333333222,0.09456500000831447
paper,200,0.9,1,1736,0.345399816319404,0.006002514441066559,0.3451341666749812
paper,200,0.9,1,1737,0.08482280364292068,0.0031381830033342384,0.03291083334164924
paper,200,0.9,1,1738,0.12589356728809578,0.004287909781638816,0.0710758333416468
paper,200,0.9,2,1729,0.020104424602104355,0.006931066666666763,0.01720663959148805
paper,200,0.9,2,1730,0.016442527079472382,0.005212124218972061,0.01644252707517868
paper,200,0.9,2,1731,0.03253419374613916,0.011373867905350943,0.032534193741845296
paper,200,0.9,2,1732,0.03077586041280578,0.009966367905350937,0.030775860408512212
paper,200,0.9,2,1733,0.02905002707947249,0.00852636790535094,0.029050027075178342
paper,200,0.9,2,1734,0.01342799374613947,0.00421500000000008,0.006010806258154755
paper,200,0.9,2,1735,0.03617419374613914,0.012908034572017585,0.036174193741845606
paper,200,0.9,2,1736,0.04293586041280579,0.013917201238684257,0.04293586040851194
paper,200,0.9,2,1737,0.015115860412805836,0.005708790885638727,0.015115860408511761
paper,200,0.9,2,1738,0.011090493746139591,0.0037577333333334018,0.0043816395914881845
paper,400,0.5,1,1729,0.0027618749990905187,0.0007125000000000048,0.002627499999090621
paper,400,0.5,1,1730,0.002443574014389992,0.0005445833333333205,0.00029166666757607373
paper,400,0.5,1,1731,0.0041486743154968185,0.000944583333333332,0.00410500000090952
paper,400,0.5,1,1732,0.005553697915757195,0.0012741666666666873,0.00545958333424279
paper,400,0.5,1,1733,0.004630253701889972,0.0011354166666666665,0.0025987500009094777
paper,400,0.5,1,1734,0.006986249999090517,0.0017695833333333244,0.006986249999090477
paper,400,0.5,1,1735,0.005984140624090475,0.0012787499999999952,0.005915000000909387
paper,400,0.5,1,1736,0.005381979165757184,0.0008933333333333293,0.00523541666757632
paper,400,0.5,1,1737,0.0021221689787352892,0.0003158333333333485,0.0012229166657572454
paper,400,0.5,1,1738,0.0028276009105488217,0.0005808333333333082,0.0012812500009096173
paper,400,0.5,2,1729,0.001962399554203001,0.0011129166666666857,0.0018401013771196517
paper,400,0.5,2,1730,0.000588018043786302,0.00028083333333335514,2.1981956213723564e-05
paper,400,0.5,2,1731,0.0012944828875362244,0.0005804166666666388,0.0012944819562137333
paper,400,0.5,2,1732,0.0013609347104529255,0.0007187499999999902,0.0013582319562136513
paper,400,0.5,2,1733,0.0016353162208695838,0.0009033333333333116,0.001635315289547079
paper,400,0.5,2,1734,0.0023523995542029503,0.0013770833333333066,0.002319268043786238
paper,400,0.5,2,1735,0.0003469828875362925,0.0002674999999999761,0.00019698195621364878
paper,400,0.5,2,1736,0.0019028162208695745,0.0009054166666666585,0.0019028152895470551
paper,400,0.5,2,1737,0.0006080180437863207,0.00033166666666667455,0.0006080180437862959
paper,400,0.5,2,1738,0.0016644828875362883,0.0008075000000000304,0.0015013513771197085
paper,400,0.7,1,1729,0.020554139636533703,0.00226749999999995,0.017685833331403167
paper,400,0.7,1,1730,0.013724999998069714,0.0014483333333333848,0.006766666664736132
paper,400,0.7,1,1731,0.0031788166647365003,0.0003054166666667246,0.001180416664736228
paper,400,0.7,1,1732,0.016797261537042554,0.0015866666666667084,0.016780416668596754
paper,400,0.7,1,1733,0.012952748004736801,0.0020716666666667216,0.010067500001930352
paper,400,0.7,1,1734,0.015891666664735953,0.0016337499999999616,0.01589166666473618
paper,400,0.7,1,1735,0.004216675840525011,0.0005923569999999809,0.00263999999806952
paper,400,0.7,1,1736,0.0065814641713202665,0.0009129166666667077,0.0008174999980696818
paper,400,0.7,1,1737,0.019993638245576862,0.0023833333333332374,0.01998749999806959
paper,400,0.7,1,1738,0.019401661408683487,0.0024579166666666152,0.008194166664736713
paper,400,0.7,2,1729,0.003349599535845131,0.0016558333333332453,0.0033180558890648637
paper,400,0.7,2,1730,0.004557361126105199,0.0018033333333334345,0.004557360777601938
paper,400,0.7,2,1731,0.002103611126105177,0.000994866666666705,0.0021036107776020163
paper,400,0.7,2,1732,0.003082361126105176,0.0011920833333334269,0.0030823607776020445
paper,400,0.7,2,1733,0.003755277792771908,0.0019448666666666975,0.0037552774442688452
paper,400,0.7,2,1734,0.0007097495358453438,0.00026874999999992877,0.000169860777602171
paper,400,0.7,2,1735,0.0015561111261050027,0.000503200000000037,0.0003352774442686446
paper,400,0.7,2,1736,0.001819027792771773,0.0011586166666667091,0.0017906941109351315
paper,400,0.7,2,1737,0.0031013892223978657,0.0012787499999999397,0.003101389222397888
paper,400,0.7,2,1738,0.006182932869178427,0.0029762499999999026,0.006008055889064723
paper,400,0.9,1,1729,0.2895137499916843,0.0077759401000001005,0.289513749991686
paper,400,0.9,1,1730,0.16770472764701408,0.006033023433333451,0.01726750000831423
paper,400,0.9,1,1731,0.07189305002862437,0.002430768885184148,0.052745416658352084
paper,400,0.9,1,1732,0.3121518802859304,0.009518570576666607,0.3110208333416491
paper,400,0.9,1,1733,0.19200313884096448,0.0058509171670999005,0.18438750000831483
paper,400,0.9,1,1734,0.18435018607560108,0.005275051963665844,0.18148916665835024
paper,400,0.9,1,1735,0.1835430369002398,0.00399309420182091,0.18208875000831348
paper,400,0.9,1,1736,0.055809757540160855,0.001995741608549567,0.01072041665835144
paper,400,0.9,1,1737,0.2033699999916842,0.008917155666666732,0.20336999999168448
paper,400,0.9,1,1738,0.2024916184938862,0.006662190100000076,0.19237458332501767
paper,400,0.9,2,1729,0.012994007935437694,0.004611066666666774,0.012287056258154738
paper,400,0.9,2,1730,0.005833360412806069,0.002487957552305395,0.004780027075178772
paper,400,0.9,2,1731,0.006827527079472637,0.0027404575523053906,0.005975027075178829
paper,400,0.9,2,1732,0.018750860412805773,0.005635117905350928,0.01875086040851226
paper,400,0.9,2,1733,0.004245674602104402,0.001597316666666737,0.001312889591488453
paper,400,0.9,2,1734,0.010219610412805837,0.0035805345720175963,0.010219610408511937
paper,400,0.9,2,1735,0.012538777079472482,0.005258451238684264,0.012538777075178587
paper,400,0.9,2,1736,0.00618299374613944,0.0025579575523053955,0.003230027075178832
paper,400,0.9,2,1737,0.01638150793543765,0.005784816666666748,0.015597889591488112
paper,400,0.9,2,1738,0.017356009497493538,0.006345233333333422,0.01685330625815462
